null,null,null,null,null,null,null,null
060310,3S,"2,350","5","0.21","246,961,470","105,285,900,850",0
054620,APS홀딩스,"7,780","90","1.17","1,351,989,890","158,667,039,380",0
265520,AP시스템,"25,900","-300","-1.15","8,556,056,800","375,037,879,300",0
211270,AP위성,"6,360","60","0.95","68,513,630","95,494,153,440",0
035760,CJ ENM,"127,900","3,500","2.81","29,326,535,700","2,804,738,796,600",0
051500,CJ프레시웨이,"20,950","150","0.72","3,094,761,200","248,709,726,700",0
058820,CMG제약,"3,820","-50","-1.29","6,551,380,635","530,568,372,080",0
023460,CNH,"1,465","10","0.69","97,016,000","54,498,000,000",0
065770,CS,"2,310","-30","-1.28","95,592,280","43,509,196,500",0
083660,CSA 코스믹,"-","0","0.00","0","154,590,427,650",0
322780,DB금융스팩7호,"2,020","5","0.25","28,489,810","9,191,000,000",0
068790,DMS,"4,055","65","1.63","555,427,380","93,518,384,785",0
241520,DSC인베스트먼트,"2,960","-10","-0.34","942,652,495","53,929,373,680",0
245620,EDGC,"13,850","-1,000","-6.73","53,280,562,850","500,995,219,000",0
037370,EG,"7,300","10","0.14","100,291,970","54,750,000,000",0
079190,EMW,"-","0","0.00","0","88,360,067,660",0
130500,GH신소재,"3,735","-45","-1.19","1,215,162,430","41,085,000,000",0
083450,GST,"13,800","350","2.60","5,736,066,200","128,584,881,000",0
028150,GS홈쇼핑,"127,700","-1,800","-1.39","2,932,784,400","838,031,250,000",0
045890,GV,"1,780","-65","-3.52","3,405,397,810","80,828,756,920",0
078150,HB테크놀러지,"2,390","10","0.42","2,161,858,935","188,787,118,140",0
036640,HRS,"2,390","-45","-1.85","506,722,750","39,087,972,000",0
299170,IBKS제10호스팩,"2,025","0","0.00","228,825","8,768,250,000",0
335890,IBKS제11호스팩,"2,040","20","0.99","25,982,310","9,771,600,000",0
335870,IBKS제12호스팩,"2,015","-5","-0.25","12,066,985","6,286,800,000",0
276920,IBKS제7호스팩,"2,070","10","0.49","19,970,805","7,555,500,000",0
095340,ISC,"10,200","320","3.24","2,456,569,180","144,253,581,600",0
099520,ITX엠투엠,"1,800","-20","-1.10","515,986,765","29,639,035,800",0
067290,JW신약,"4,640","-20","-0.43","852,393,225","193,335,650,240",0
035900,JYP Ent.,"20,750","-50","-0.24","8,372,752,350","736,521,084,000",0
024840,KBI메탈,"1,315","70","5.62","683,558,525","43,330,365,120",0
024120,KB오토시스,"6,050","-50","-0.82","236,948,800","69,575,000,000",0
021320,KCC건설,"6,040","-10","-0.17","236,274,700","129,256,000,000",0
036670,KCI,"9,740","40","0.41","552,930,830","109,769,800,000",0
044180,KD,"-","0","0.00","0","38,784,885,480",0
151860,KG ETS,"4,050","-150","-3.57","6,462,191,835","145,800,000,000",0
046440,KG모빌리언스,"7,490","10","0.13","9,395,373,800","290,803,504,320",0
035600,KG이니시스,"22,000","-50","-0.23","10,393,033,000","613,897,548,000",0
060720,KH바텍,"18,500","200","1.09","8,947,299,800","433,008,243,500",0
083470,KJ프리텍,"-","0","0.00","0","33,019,457,820",0
122450,KMH,"6,480","530","8.91","3,107,616,400","146,888,523,360",0
052900,KMH하이텍,"928","11","1.20","287,109,867","43,509,743,072",0
058400,KNN,"1,315","-45","-3.31","40,041,025,340","174,145,081,800",0
114450,KPX생명과학,"6,300","-20","-0.32","972,249,350","94,500,000,000",0
036030,KTH,"5,620","-40","-0.71","762,879,980","200,718,423,640",0
060370,KT서브마린,"4,080","90","2.26","6,270,989,715","89,352,000,000",0
065150,MP그룹,"-","0","0.00","0","106,263,055,205",0
219550,MP한강,"815","-1","-0.12","227,570,885","46,317,485,050",0
160550,NEW,"3,920","-60","-1.51","2,174,271,015","109,391,935,520",0
053290,NE능률,"3,030","-10","-0.33","1,123,641,990","47,321,834,010",0
104200,NHN벅스,"5,030","115","2.34","157,026,875","74,582,576,500",0
060250,NHN한국사이버결제,"38,650","1,250","3.34","34,476,171,600","887,844,339,450",0
030190,NICE평가정보,"17,550","-400","-2.23","3,327,567,450","1,065,545,091,000",0
024940,PN풍년,"2,030","5","0.25","51,417,505","20,300,000,000",0
218410,RFHIC,"38,550","-100","-0.26","13,221,042,100","919,325,751,000",0
091340,S&K폴리텍,"6,190","110","1.81","1,289,316,650","72,446,032,990",0
019550,SBI인베스트먼트,"617","3","0.49","321,470,236","99,995,076,775",0
046140,SBS콘텐츠허브,"5,650","-50","-0.88","430,089,890","121,269,085,750",0
036120,SCI평가정보,"2,685","45","1.70","1,482,172,050","95,317,500,000",0
099220,SDN,"2,255","-15","-0.66","5,063,231,655","104,418,180,900",0
036540,SFA반도체,"5,290","40","0.76","28,403,006,620","869,995,002,870",0
255220,SG,"2,100","220","11.70","2,098,520,975","77,112,056,700",0
040610,SG&G,"1,345","20","1.51","52,380,405","45,847,278,620",0
049470,SGA,"547","-17","-3.01","96,789,329","26,454,150,203",0
184230,SGA솔루션즈,"836","-5","-0.59","84,715,105","30,661,163,588",0
307070,SK4호스팩,"2,025","15","0.75","6,065,785","10,449,000,000",0
337450,SK5호스팩,"2,000","0","0.00","6,001,810","8,620,000,000",0
340350,SK6호스팩,"1,990","-5","-0.25","42,645,020","11,362,900,000",0
057500,SKC 솔믹스,"2,925","0","0.00","548,833,580","179,870,067,000",0
178920,SKC코오롱PI,"32,800","150","0.46","6,184,639,950","963,215,361,600",0
036490,SK머티리얼즈,"157,500","-1,100","-0.69","8,421,606,500","1,661,258,497,500",0
052260,SK바이오랜드,"23,950","300","1.27","19,708,310,800","359,250,000,000",0
048550,SM C&C,"1,590","-60","-3.64","1,745,888,765","149,557,031,340",0
063440,SM Life Design,"1,575","-35","-2.17","2,905,788,700","70,920,917,550",0
289080,SV인베스트먼트,"3,105","-90","-2.82","13,329,441,665","165,291,570,000",0
089230,THE E&M,"611","-7","-1.13","621,891,690","75,976,735,536",0
161570,THE MIDONG,"2,030","-35","-1.69","315,599,555","27,997,325,580",0
032540,TJ미디어,"2,875","20","0.70","87,681,375","40,053,375,875",0
048770,TPC,"3,190","95","3.07","763,973,835","43,002,080,440",0
246690,TS인베스트먼트,"2,775","60","2.21","13,806,120,805","62,218,286,100",0
038340,UCI,"3,170","-15","-0.47","239,985,875","104,975,884,570",0
073570,WI,"1,570","0","0.00","1,163,746,570","111,797,580,500",0
052300,W홀딩컴퍼니,"313","-6","-1.88","10,625,677,310","64,013,605,656",0
057030,YBM넷,"6,080","10","0.16","20,590,100,530","99,181,197,760",0
040300,YTN,"2,050","20","0.99","923,872,380","86,100,000,000",0
051390,YW,"3,630","15","0.41","47,295,750","41,219,985,840",0
052220,iMBC,"2,195","-50","-2.23","307,900,590","50,485,000,000",0
079940,가비아,"14,450","-900","-5.86","20,022,359,850","195,590,633,800",0
078890,가온미디어,"5,910","40","0.68","679,593,910","89,089,071,630",0
192410,감마누,"-","0","0.00","0","9,969,806,400",0
217730,강스템바이오텍,"8,350","-130","-1.53","17,411,125,950","175,178,298,950",0
114190,강원,"-","0","0.00","0","45,387,277,500",0
094480,갤럭시아컴즈,"3,580","-40","-1.10","876,132,835","140,442,820,040",0
063080,게임빌,"24,700","-50","-0.20","434,435,900","162,901,242,400",0
044480,경남바이오파마,"4,590","-70","-1.50","555,168,025","61,968,167,100",0
039240,경남스틸,"1,520","15","1.00","76,296,285","38,000,000,000",0
053950,경남제약,"7,830","-300","-3.69","1,911,602,690","133,528,607,460",0
011040,경동제약,"8,300","170","2.09","395,719,060","220,365,000,000",0
024910,경창산업,"858","-12","-1.38","38,045,942","30,732,706,290",0
198440,고려시멘트,"3,365","-70","-2.04","29,536,206,175","107,612,565,400",0
049720,고려신용정보,"5,480","-20","-0.36","570,609,580","78,364,000,000",0
014570,고려제약,"8,070","-100","-1.22","1,667,904,480","88,770,000,000",0
098460,고영,"81,100","-1,400","-1.70","4,471,807,500","1,113,580,126,100",0
038530,골드퍼시픽,"2,295","75","3.38","1,396,497,145","77,706,310,905",0
215000,골프존,"53,500","900","1.71","4,218,923,700","335,734,702,500",0
121440,골프존뉴딘홀딩스,"3,380","0","0.00","568,274,290","144,788,444,840",0
014200,광림,"1,780","5","0.28","427,282,950","94,201,576,520",0
026910,광진실업,"2,890","65","2.30","630,571,735","18,511,620,450",0
090150,광진윈텍,"2,610","-85","-3.15","337,399,570","25,208,405,730",0
307280,교보8호스팩,"2,030","0","0.00","0","7,551,600,000",0
331520,교보9호스팩,"-","0","0.00","0","7,760,000,000",0
053270,구영테크,"1,390","10","0.72","701,190,675","36,687,901,860",0
066620,국보디자인,"14,100","0","0.00","248,357,000","105,750,000,000",0
043650,국순당,"-","0","0.00","0","64,200,602,880",0
006050,국영지앤엠,"2,680","185","7.41","30,252,676,440","93,519,251,240",0
060480,국일신동,"3,280","80","2.50","664,057,355","36,375,200,000",0
078130,국일제지,"6,020","30","0.50","22,262,062,280","760,617,271,680",0
204020,그리티,"2,345","20","0.86","271,453,945","47,245,723,350",0
186230,그린플러스,"9,000","90","1.01","1,991,421,410","43,414,839,000",0
204620,글로벌텍스프리,"3,100","55","1.81","516,430,940","115,488,075,800",0
019660,글로본,"2,665","-95","-3.44","170,512,095","77,506,557,440",0
032860,글로스퍼랩스,"268","9","3.47","1,304,247,464","19,713,769,120",0
053260,금강철강,"2,825","45","1.62","141,884,030","52,884,000,000",0
036190,금화피에스시,"28,400","50","0.18","102,696,100","170,400,000,000",0
049080,기가레인,"1,120","30","2.75","376,301,495","58,549,254,400",0
035460,기산텔레콤,"2,700","-95","-3.40","937,022,555","39,358,818,000",0
308100,까스텔바작,"10,850","100","0.93","2,572,233,600","71,574,195,000",0
187790,나노,"1,480","55","3.86","455,461,150","38,180,825,400",0
286750,나노브릭,"9,740","10","0.10","67,388,180","44,415,403,220",0
151910,나노스,"4,005","-345","-7.93","1,121,650,380","595,244,514,735",0
121600,나노신소재,"12,500","-200","-1.57","867,702,600","135,604,162,500",0
039860,나노엔텍,"7,740","120","1.57","5,836,831,470","206,128,792,980",0
091970,나노캠텍,"2,090","10","0.48","1,745,764,465","53,723,719,610",0
051490,나라엠앤디,"3,370","70","2.12","155,175,510","47,854,000,000",0
190510,나무가,"14,100","100","0.71","1,093,659,000","96,882,369,000",0
242040,나무기술,"4,370","-210","-4.59","10,099,668,530","127,332,273,400",0
089600,나스미디어,"28,850","550","1.94","2,592,717,150","252,572,835,350",0
293580,나우IB,"4,730","-70","-1.46","1,342,925,015","44,840,400,000",0
138610,나이벡,"9,520","-60","-0.63","449,364,910","94,276,360,080",0
130580,나이스디앤비,"8,380","200","2.44","418,894,750","129,052,000,000",0
036800,나이스정보통신,"29,600","500","1.72","1,488,425,200","296,000,000,000",0
267320,나인테크,"1,790","175","10.84","10,465,171,110","61,938,065,090",0
111710,남화산업,"11,600","0","0.00","1,559,170,250","238,820,800,000",0
091590,남화토건,"14,450","200","1.40","9,664,668,600","169,643,000,000",0
168330,내츄럴엔도텍,"-","0","0.00","0","52,181,200,550",0
056000,네스엠,"3,295","-30","-0.90","2,803,986,180","46,580,097,000",0
253590,네오셈,"1,520","40","2.70","2,966,111,125","57,055,309,760",0
212560,네오오토,"3,705","5","0.14","755,474,550","29,176,737,915",0
095660,네오위즈,"17,350","350","2.06","3,491,310,450","380,225,388,800",0
042420,네오위즈홀딩스,"14,400","100","0.70","139,197,200","127,538,870,400",0
311390,네오크레마,"6,640","70","1.07","451,982,500","48,498,526,800",0
085910,네오티스,"3,320","35","1.07","10,779,780","36,565,410,960",0
092730,네오팜,"30,900","-150","-0.48","1,226,753,800","253,607,454,900",0
290660,네오펙트,"4,345","20","0.46","443,177,575","52,166,265,525",0
306620,네온테크,"1,710","10","0.59","291,900,190","61,038,723,600",0
153460,네이블,"4,825","-125","-2.53","88,341,280","31,507,317,550",0
007390,네이처셀,"11,050","-300","-2.64","26,672,416,550","676,153,908,950",0
033640,네패스,"29,100","250","0.87","32,514,401,450","671,022,778,200",0
089140,넥스턴,"8,200","180","2.24","329,926,780","97,141,464,000",0
065170,넥스트BT,"2,005","-30","-1.47","4,468,497,745","125,429,184,985",0
137940,넥스트아이,"1,270","-10","-0.78","977,966,565","97,937,539,710",0
041140,넥슨지티,"7,380","-220","-2.89","38,355,819,850","261,055,116,360",0
217270,넵튠,"5,220","20","0.38","613,265,660","121,992,162,120",0
225570,넷게임즈,"7,810","-250","-3.10","2,285,309,980","225,231,277,920",0
104620,노랑풍선,"12,500","-1,250","-9.09","6,701,992,300","59,570,625,000",0
194700,노바렉스,"26,400","-50","-0.19","3,160,931,300","237,698,736,000",0
285490,노바텍,"12,900","-250","-1.90","441,073,950","64,710,760,200",0
278650,노터스,"19,150","-550","-2.79","6,084,278,650","141,269,933,000",0
144510,녹십자랩셀,"41,250","-2,350","-5.39","11,772,947,950","435,354,727,500",0
031390,녹십자셀,"39,150","-450","-1.14","2,648,754,700","474,151,522,500",0
142280,녹십자엠에스,"7,310","-230","-3.05","3,281,640,700","154,367,338,730",0
234690,녹십자웰빙,"8,570","-390","-4.35","2,633,288,510","152,137,005,320",0
065560,녹원씨엔아이,"-","0","0.00","0","88,764,137,000",0
054050,농우바이오,"10,300","100","0.98","587,413,250","165,114,778,300",0
040160,누리텔레콤,"5,670","80","1.43","1,323,333,580","68,354,883,450",0
069140,누리플랜,"4,370","75","1.75","214,389,350","24,630,954,380",0
126870,뉴로스,"2,560","-30","-1.16","446,200,470","58,013,306,880",0
060260,뉴보텍,"1,175","55","4.91","620,738,425","39,284,656,250",0
012340,뉴인텍,"1,850","-50","-2.63","859,469,445","55,582,328,700",0
214870,뉴지랩,"13,250","-400","-2.93","56,202,408,000","328,343,625,750",0
270870,뉴트리,"21,600","-250","-1.14","2,279,550,800","195,970,838,400",0
144960,뉴파워프라즈마,"3,060","5","0.16","807,175,955","126,230,156,100",0
085670,뉴프렉스,"1,520","20","1.33","346,577,700","32,157,179,280",0
119860,다나와,"26,900","-200","-0.74","2,800,386,200","351,712,711,800",0
064260,다날,"4,215","-35","-0.82","91,075,705,340","261,820,453,185",0
093640,다믈멀티미디어,"2,960","80","2.78","824,162,980","31,963,666,560",0
039560,다산네트웍스,"6,900","-30","-0.43","2,002,018,860","221,340,187,200",0
032190,다우데이타,"8,190","100","1.24","993,494,760","313,677,000,000",0
068240,다원시스,"16,450","350","2.17","10,945,760,450","443,034,410,350",0
020400,대동금속,"7,900","10","0.13","36,897,710","20,600,916,900",0
008830,대동기어,"2,400","95","4.12","79,679,470","21,570,048,000",0
048470,대동스틸,"5,560","-10","-0.18","271,438,250","55,600,000,000",0
004780,대륙제관,"3,900","35","0.91","371,535,950","62,022,476,100",0
017650,대림제지,"1,690","-15","-0.88","4,397,057,325","76,050,000,000",0
007720,대명소노시즌,"1,290","30","2.38","838,419,270","130,032,580,500",0
317850,대모,"4,840","0","0.00","606,116,815","40,290,192,800",0
290670,대보마그네틱,"23,750","250","1.06","692,789,950","157,153,108,750",0
078140,대봉엘에스,"6,570","60","0.92","277,795,610","72,838,824,030",0
036480,대성미생물,"13,600","50","0.37","589,461,800","51,680,000,000",0
025440,대성엘텍,"880","-10","-1.12","1,144,939,165","87,701,981,840",0
027830,대성창투,"1,820","-15","-0.82","1,213,655,600","72,800,000,000",0
104040,대성파인텍,"1,180","25","2.16","3,067,693,925","36,935,511,580",0
307750,대신밸런스제6호스팩,"2,015","15","0.75","2,514,745","10,095,150,000",0
332290,대신밸런스제7호스팩,"2,000","-10","-0.50","9,958,000","10,410,000,000",0
336570,대신밸런스제8호스팩,"2,000","0","0.00","0","11,220,000,000",0
020180,대신정보통신,"1,115","-20","-1.76","2,439,509,490","42,848,240,225",0
045390,대아티아이,"6,390","210","3.40","80,101,903,250","454,658,225,580",0
108380,대양전기공업,"10,900","50","0.46","297,310,900","104,283,929,700",0
006580,대양제지,"3,280","140","4.46","596,940,690","88,068,000,000",0
007680,대원,"8,620","-10","-0.12","447,637,230","99,885,370,600",0
048910,대원미디어,"6,970","0","0.00","2,356,520,890","87,675,253,620",0
005710,대원산업,"4,540","20","0.44","68,731,735","90,970,704,000",0
290380,대유,"13,800","-1,500","-9.80","13,481,668,250","124,923,120,000",0
290120,대유에이피,"6,430","10","0.16","424,841,870","69,984,120,000",0
120240,대정화금,"14,850","850","6.07","8,780,636,500","105,440,806,350",0
003310,대주산업,"1,270","60","4.96","2,619,973,270","44,948,284,500",0
078600,대주전자재료,"18,700","1,050","5.95","11,405,842,000","275,584,256,200",0
096350,대창솔루션,"344","15","4.56","772,977,337","55,655,287,688",0
140520,대창스틸,"2,050","45","2.24","144,169,145","41,000,000,000",0
131220,대한과학,"5,740","30","0.53","314,537,640","42,788,772,600",0
010170,대한광통신,"3,300","70","2.17","22,825,362,175","243,347,362,500",0
054670,대한뉴팜,"9,740","-10","-0.10","1,055,012,680","139,816,920,800",0
023910,대한약품,"29,750","100","0.34","408,073,750","178,500,000,000",0
021040,대호피앤씨,"777","7","0.91","101,475,994","56,808,665,802",0
067080,대화제약,"10,550","-150","-1.40","1,194,470,200","192,273,475,700",0
035290,더블유에프엠,"-","0","0.00","0","30,199,109,750",0
213420,덕산네오룩스,"31,300","2,000","6.83","30,176,693,200","751,513,375,600",0
317330,덕산테코피아,"13,950","400","2.95","2,517,672,000","256,365,120,600",0
077360,덕산하이메탈,"6,200","380","6.53","1,864,201,910","140,854,706,200",0
090410,덕신하우징,"1,365","40","3.02","5,671,517,000","59,821,205,535",0
263600,덕우전자,"7,770","20","0.26","2,510,657,800","123,778,508,700",0
194480,데브시스터즈,"7,140","60","0.85","82,145,030","79,999,201,800",0
263800,데이타솔루션,"5,120","-610","-10.65","12,580,418,880","80,735,129,600",0
139050,데일리블록체인,"719","72","11.13","5,468,703,682","36,563,555,774",0
206560,덱스터,"6,030","230","3.97","18,110,445,060","152,849,260,080",0
067990,도이치모터스,"6,730","0","0.00","1,428,306,590","188,691,331,850",0
006620,동구바이오제약,"17,600","50","0.28","1,209,216,500","169,030,400,000",0
100130,동국S&C,"2,165","15","0.70","395,325,330","123,714,595,000",0
005160,동국산업,"2,105","10","0.48","450,863,715","114,184,634,610",0
075970,동국알앤에스,"2,000","15","0.76","239,973,735","36,800,000,000",0
086450,동국제약,"94,300","-3,900","-3.97","2,338,154,400","838,515,600,000",0
099410,동방선기,"2,705","500","22.68","27,015,293,305","36,628,410,410",0
033500,동성화인텍,"7,960","170","2.18","3,382,745,750","214,789,527,640",0
025950,동신건설,"5,680","70","1.25","182,701,020","47,712,000,000",0
088130,동아엘텍,"6,850","-10","-0.15","180,414,670","73,041,125,300",0
041930,동아화성,"4,950","-60","-1.20","1,513,594,365","78,210,000,000",0
060380,동양에스텍,"2,775","95","3.54","4,656,500","27,750,000,000",0
079960,동양이엔피,"10,600","100","0.95","602,158,600","83,316,000,000",0
228340,동양파일,"2,900","70","2.47","314,192,630","58,000,000,000",0
088910,동우팜투테이블,"3,205","55","1.75","1,248,189,735","82,790,803,620",0
094170,동운아나텍,"5,550","20","0.36","1,597,575,990","87,461,739,600",0
013120,동원개발,"3,550","-10","-0.28","499,662,580","322,368,755,000",0
109860,동일금속,"10,550","50","0.48","14,740,400","73,850,000,000",0
032960,동일기연,"10,050","0","0.00","28,050,770","34,243,455,450",0
023790,동일철강,"2,930","220","8.12","348,880,800","21,521,099,050",0
005290,동진쎄미켐,"15,700","1,050","7.17","65,064,368,400","807,207,555,800",0
025900,동화기업,"15,100","300","2.03","884,354,700","304,995,568,200",0
078590,두올산업,"4,095","155","3.93","14,273,994,025","308,272,963,635",0
073190,듀오백,"2,125","20","0.95","36,904,580","25,432,085,000",0
030350,드래곤플라이,"2,230","-10","-0.45","143,678,795","35,698,934,930",0
203650,드림시큐리티,"2,460","-45","-1.80","1,773,104,980","124,490,154,840",0
060570,드림어스컴퍼니,"5,050","-310","-5.78","1,712,758,480","287,142,227,350",0
217620,디딤,"1,585","-10","-0.63","400,657,045","58,648,019,425",0
187870,디바이스이엔지,"15,250","150","0.99","1,026,176,900","107,308,287,250",0
066670,디스플레이텍,"3,010","15","0.50","6,891,595","56,262,673,180",0
110990,디아이티,"7,090","70","1.00","380,919,090","134,001,000,000",0
263690,디알젬,"13,850","400","2.97","4,866,574,150","156,859,698,500",0
214680,디알텍,"1,890","-10","-0.53","7,371,607,675","95,619,970,530",0
263720,디앤씨미디어,"23,000","850","3.84","5,375,351,250","282,327,553,000",0
109740,디에스케이,"7,400","-10","-0.13","363,773,580","150,625,246,200",0
033430,디에스티,"-","0","0.00","0","23,750,763,610",0
131030,디에이치피코리아,"7,160","20","0.28","479,867,120","118,603,946,520",0
196490,디에이테크놀로지,"976","1","0.10","1,098,234,853","56,160,232,672",0
066900,디에이피,"2,625","0","0.00","35,590,295","59,704,320,375",0
127120,디엔에이링크,"4,355","-95","-2.13","631,343,715","54,756,177,125",0
092070,디엔에프,"10,550","100","0.96","1,378,249,750","113,537,285,400",0
134580,디엠티,"1,760","25","1.44","48,318,325","19,800,000,000",0
039840,디오,"28,650","200","0.70","1,962,465,850","444,751,197,300",0
196450,디오스텍,"476","-2","-0.42","352,349,187","64,722,069,860",0
104460,디와이피엔에프,"9,520","170","1.82","457,335,540","101,993,710,000",0
079810,디이엔티,"3,395","35","1.04","267,553,005","42,787,008,460",0
227100,디자인,"7,130","190","2.74","149,488,260","18,972,288,300",0
113810,디젠스,"513","26","5.34","1,282,129,305","16,738,190,163",0
043360,디지아이,"1,895","45","2.43","29,205,915","17,055,000,000",0
197140,디지캡,"3,835","60","1.59","110,176,150","28,414,753,705",0
106520,디지탈옵틱,"735","11","1.52","1,409,547,276","67,225,023,495",0
068930,디지털대성,"7,740","0","0.00","725,456,270","174,917,986,020",0
033130,디지틀조선,"1,845","-40","-2.12","4,265,628,745","68,477,667,615",0
033310,디케이디앤아이,"2,505","-105","-4.02","907,989,120","55,040,889,555",0
105740,디케이락,"7,190","10","0.14","315,843,060","60,754,867,280",0
263020,디케이앤디,"4,925","-40","-0.81","73,501,495","38,233,769,850",0
290550,디케이티,"9,290","80","0.87","716,838,620","76,469,083,570",0
187220,디티앤씨,"6,070","-70","-1.14","210,401,540","66,475,647,490",0
131180,딜리,"1,475","5","0.34","45,261,025","43,291,250,000",0
317120,라닉스,"7,200","-70","-0.96","2,355,825,580","67,935,600,000",0
042510,라온시큐어,"2,610","-95","-3.51","1,733,417,245","83,023,087,320",0
300120,라온피플,"19,950","150","0.76","12,335,702,500","206,052,697,200",0
036170,라이브파이낸셜,"1,540","0","0.00","405,633,620","60,238,778,600",0
050120,라이브플렉스,"754","-12","-1.57","648,113,119","62,648,544,270",0
171120,라이온켐텍,"7,110","40","0.57","22,175,610","134,333,325,360",0
069540,라이트론,"-","0","0.00","0","100,561,449,660",0
214260,라파스,"14,250","-150","-1.04","1,425,045,350","118,893,678,000",0
171010,램테크놀러지,"5,510","70","1.29","749,537,080","63,954,393,680",0
084650,랩지노믹스,"25,050","0","0.00","73,419,107,150","279,155,271,150",0
217500,러셀,"1,590","5","0.32","456,542,920","50,581,080,000",0
033600,럭슬,"-","0","0.00","0","7,308,230,437",0
141080,레고켐바이오,"48,700","-500","-1.02","4,521,544,850","524,027,632,700",0
060300,레드로버,"-","0","0.00","0","35,158,995,780",0
038390,레드캡투어,"13,750","50","0.36","245,309,850","118,105,350,000",0
294140,레몬,"13,850","-450","-3.15","20,446,261,850","477,825,000,000",0
228670,레이,"38,550","1,450","3.91","11,414,296,550","256,483,442,850",0
228850,레이언스,"14,300","-1,000","-6.54","6,667,412,850","237,251,500,200",0
281740,레이크머티리얼즈,"1,405","-25","-1.75","287,021,075","92,351,419,940",0
238120,로고스바이오,"14,950","450","3.10","1,208,251,300","53,741,123,800",0
215100,로보로보,"4,015","-65","-1.59","5,041,381,630","71,460,792,810",0
090360,로보스타,"15,850","-650","-3.94","4,153,955,150","154,537,500,000",0
108490,로보티즈,"10,650","-400","-3.62","2,491,543,700","119,823,150,000",0
067730,로지시스,"2,950","5","0.17","109,222,710","27,555,719,900",0
071280,로체시스템즈,"4,905","10","0.20","552,264,920","75,029,837,715",0
038060,루멘스,"1,775","50","2.90","673,287,660","84,700,781,250",0
082800,루미마이크로,"1,765","65","3.82","46,954,603,395","218,697,852,980",0
085370,루트로닉,"5,360","-20","-0.37","535,752,370","137,217,147,040",0
060240,룽투코리아,"4,560","30","0.66","1,326,512,235","115,957,535,040",0
058470,리노공업,"89,300","-2,300","-2.51","7,309,996,000","1,361,143,641,000",0
039980,리노스,"1,420","-25","-1.73","1,335,969,105","58,987,660,520",0
019570,리더스 기술투자,"594","-20","-3.26","283,272,049","44,726,749,452",0
016100,리더스코스메틱,"3,980","50","1.27","252,933,700","72,385,907,720",0
197210,리드,"-","0","0.00","0","18,870,304,998",0
012700,리드코프,"5,380","60","1.13","631,993,590","142,280,206,300",0
302550,리메드,"26,450","-350","-1.31","15,049,583,000","157,791,336,700",0
277070,린드먼아시아,"4,510","-265","-5.55","4,424,639,155","60,885,000,000",0
042500,링네트,"5,160","-380","-6.86","11,031,009,280","78,519,090,480",0
219420,링크제니시스,"6,750","-100","-1.46","465,047,790","67,500,000,000",0
195500,마니커에프앤지,"8,210","300","3.79","8,006,780,680","85,203,380,000",0
305090,마이크로디지탈,"18,350","-1,450","-7.32","2,558,775,600","66,625,180,000",0
098120,마이크로컨텍솔,"3,475","-25","-0.71","255,152,315","28,886,861,850",0
227950,마이크로텍,"2,440","10","0.41","4,523,885,435","93,255,833,760",0
147760,마이크로프랜드,"3,480","110","3.26","223,933,540","37,653,133,680",0
038290,마크로젠,"34,650","500","1.46","8,533,377,100","367,478,981,100",0
267980,매일유업,"80,300","-200","-0.25","1,270,738,500","629,844,131,400",0
005990,매일홀딩스,"8,630","-50","-0.58","345,764,900","118,388,963,520",0
127160,매직마이크로,"640","-13","-1.99","930,829,651","39,353,806,720",0
093520,매커스,"3,590","20","0.56","86,434,440","58,025,500,280",0
141070,맥스로텍,"1,255","0","0.00","509,733,610","39,684,417,750",0
100590,머큐리,"10,400","550","5.58","17,409,366,020","153,541,440,000",0
067280,멀티캠퍼스,"31,350","150","0.48","286,404,850","185,804,521,650",0
072870,메가스터디,"10,400","-100","-0.95","1,433,215,900","123,977,973,600",0
215200,메가스터디교육,"45,000","1,550","3.57","4,566,108,200","531,984,600,000",0
133750,메가엠디,"3,945","35","0.90","9,907,912,785","91,117,968,765",0
235980,메드팩토,"-","600","0.84","43,942,112,700","732,350,054,100",0
041920,메디아나,"17,400","-900","-4.92","10,607,437,500","150,518,630,400",0
014100,메디앙스,"-","0","0.00","0","49,501,000,000",0
086900,메디톡스,"115,600","8,100","7.53","280,002,730,100","690,993,104,400",0
047920,메디포럼제약,"5,530","-30","-0.54","1,396,542,680","76,581,502,690",0
078160,메디포스트,"26,350","-100","-0.38","2,442,060,300","411,530,136,700",0
065650,메디프론,"3,275","-60","-1.80","553,842,900","118,595,970,250",0
021880,메이슨캐피탈,"317","-2","-0.63","479,408,045","31,441,457,336",0
140410,메지온,"155,700","100","0.06","6,751,732,200","1,355,516,726,400",0
241770,메카로,"11,100","300","2.78","305,452,050","112,122,654,000",0
059210,메타바이오메드,"2,400","20","0.84","382,086,555","57,269,642,400",0
327260,메탈라이프,"20,950","-350","-1.64","811,378,750","74,301,018,600",0
058110,멕아이씨에스,"20,750","-500","-2.35","10,860,171,950","121,943,807,500",0
096640,멜파스,"1,165","10","0.87","106,292,565","26,415,820,460",0
257370,명성티엔에스,"11,450","-50","-0.43","1,187,137,350","72,936,500,000",0
149940,모다,"-","0","0.00","0","3,279,863,395",0
080420,모다이노칩,"2,620","120","4.80","441,310,150","208,870,649,640",0
080160,모두투어,"13,050","-250","-1.88","7,808,457,900","246,645,000,000",0
100030,모바일리더,"16,400","750","4.79","5,902,609,700","53,852,909,600",0
087260,모바일어플라이언스,"3,165","-115","-3.51","11,769,969,125","94,950,000,000",0
101330,모베이스,"3,325","-10","-0.30","2,716,714,005","79,660,975,100",0
012860,모베이스전자,"1,395","-50","-3.46","4,595,141,930","72,540,000,000",0
250060,모비스,"2,470","235","10.51","40,484,285,645","79,463,145,580",0
033200,모아텍,"4,400","-55","-1.23","21,182,795","63,057,214,000",0
118990,모트렉스,"3,595","-75","-2.04","7,100,667,870","130,471,835,885",0
006920,모헨즈,"4,165","165","4.12","22,446,525,195","45,481,800,000",0
001810,무림SP,"1,935","20","1.04","188,434,420","42,836,062,500",0
279600,미디어젠,"4,475","185","4.31","117,120,315","20,756,307,475",0
028040,미래SCI,"-","0","0.00","0","12,549,281,058",0
095500,미래나노텍,"2,550","110","4.51","300,693,525","61,717,425,600",0
218150,미래생명자원,"2,720","45","1.68","196,938,705","50,786,284,160",0
328380,미래에셋대우스팩3호,"2,000","0","0.00","8,299,450","12,964,000,000",0
333430,미래에셋대우스팩4호,"2,000","0","0.00","8,107,630","8,780,000,000",0
100790,미래에셋벤처투자,"3,015","50","1.69","16,672,418,155","138,692,481,345",0
049950,미래컴퍼니,"26,900","100","0.37","728,315,950","224,946,031,400",0
213090,미래테크놀로지,"7,230","80","1.12","15,467,320","44,253,297,240",0
207760,미스터블루,"8,160","210","2.64","49,844,286,980","200,042,432,640",0
059090,미코,"9,000","220","2.51","14,234,005,020","281,849,427,000",0
201490,미투온,"5,740","-120","-2.05","3,049,622,540","179,419,599,800",0
214180,민앤지,"14,350","-50","-0.35","1,192,600,750","181,993,530,600",0
206640,바디텍메드,"23,100","650","2.90","24,928,723,850","542,123,320,200",0
018700,바른손,"3,500","-65","-1.82","2,692,248,050","103,150,204,500",0
035620,바른손이앤에이,"2,285","-35","-1.51","6,042,267,450","167,886,954,355",0
064520,바른전자,"-","0","0.00","0","62,020,450,910",0
029480,바른테크놀로지,"656","-2","-0.30","281,396,208","39,921,066,960",0
053030,바이넥스,"11,650","-350","-2.92","19,228,747,900","369,783,209,200",0
064550,바이오니아,"11,100","-350","-3.06","8,986,730,100","252,382,820,100",0
208710,바이오로그디바이스,"1,510","-30","-1.95","816,065,700","43,594,239,070",0
142760,바이오리더스,"7,470","-230","-2.99","1,701,525,250","143,315,871,750",0
065940,바이오빌,"-","0","0.00","0","71,919,049,110",0
086820,바이오솔루션,"21,000","-600","-2.78","4,240,785,450","169,919,946,000",0
038460,바이오스마트,"4,475","310","7.44","4,543,342,520","89,565,308,150",0
086040,바이오톡스텍,"8,210","-340","-3.98","4,572,287,740","119,764,384,830",0
032980,바이온,"1,105","-5","-0.45","269,267,170","61,567,244,115",0
043150,바텍,"25,450","-1,250","-4.68","8,803,132,400","378,040,815,200",0
267790,배럴,"10,550","250","2.43","1,702,511,450","82,480,955,000",0
046310,백금T&A,"2,510","30","1.21","304,727,165","39,190,673,140",0
036620,버추얼텍,"691","13","1.92","95,043,077","39,263,422,942",0
066410,버킷스튜디오,"1,885","-40","-2.08","3,160,121,630","59,626,470,800",0
019010,베뉴지,"1,390","40","2.96","461,148,495","66,998,000,000",0
177350,베셀,"2,640","-90","-3.30","764,094,195","29,547,851,520",0
299910,베스파,"10,750","250","2.38","287,931,600","86,177,600,750",0
225530,보광산업,"4,850","80","1.68","9,224,407,470","175,137,540,050",0
250000,보라티알,"7,380","90","1.23","723,621,100","49,820,409,540",0
006910,보성파워텍,"1,725","-5","-0.29","533,790,760","79,476,026,775",0
226340,본느,"3,075","85","2.84","1,780,932,525","94,401,257,700",0
014470,부방,"2,150","40","1.90","401,427,935","129,112,359,000",0
008470,부스타,"4,265","90","2.16","134,585,415","35,846,472,000",0
100120,뷰웍스,"35,200","-1,800","-4.86","7,025,593,700","352,065,648,000",0
066980,브레인콘텐츠,"683","27","4.12","1,383,977,646","108,199,685,923",0
064480,브리지텍,"2,895","190","7.02","4,738,152,025","34,602,487,500",0
288330,브릿지바이오테라퓨틱스,"40,900","150","0.37","12,210,495,550","260,003,672,200",0
251630,브이원텍,"6,620","10","0.15","257,124,380","99,634,839,600",0
018290,브이티지엠피,"10,850","-50","-0.46","11,215,594,900","364,555,399,600",0
263920,블러썸엠앤씨,"3,000","115","3.99","9,239,626,180","37,721,241,000",0
033560,블루콤,"4,035","-10","-0.25","264,423,700","72,985,269,645",0
121800,비덴트,"6,620","-130","-1.93","9,224,010,210","225,023,882,260",0
148140,비디아이,"12,900","1,650","14.67","9,116,046,450","103,042,091,100",0
200780,비씨월드제약,"20,550","-200","-0.96","5,472,896,600","180,304,014,900",0
141000,비아트론,"7,220","0","0.00","240,207,510","87,468,206,200",0
090460,비에이치,"16,800","50","0.30","7,909,714,150","551,894,952,000",0
083650,비에이치아이,"1,840","5","0.27","26,441,950","47,840,000,000",0
086670,비엠티,"6,020","60","1.01","321,534,240","49,042,104,580",0
138580,비즈니스온,"12,650","-50","-0.39","456,042,250","120,743,491,000",0
082920,비츠로셀,"13,950","300","2.20","3,246,100,650","300,471,170,400",0
054220,비츠로시스,"-","0","0.00","0","25,363,340,295",0
042370,비츠로테크,"6,350","310","5.13","7,340,799,630","141,947,093,550",0
032850,비트컴퓨터,"10,150","-550","-5.14","39,428,404,800","168,726,423,950",0
238200,비피도,"19,200","-100","-0.52","259,835,600","78,528,000,000",0
093190,빅솔론,"4,940","0","0.00","11,434,120","95,040,190,700",0
065450,빅텍,"3,960","-135","-3.30","307,163,563,395","109,814,296,680",0
072950,빛샘전자,"5,050","30","0.60","226,383,595","30,300,000,000",0
143240,사람인에이치알,"25,400","50","0.20","669,379,000","296,145,280,200",0
100090,삼강엠앤티,"2,920","50","1.74","375,259,895","81,361,186,400",0
122350,삼기오토모티브,"1,750","0","0.00","395,988,560","60,439,888,250",0
014970,삼륭물산,"7,240","280","4.02","1,793,469,870","109,505,000,000",0
018310,삼목에스폼,"7,200","0","0.00","170,437,830","105,840,000,000",0
053700,삼보모터스,"4,000","15","0.38","125,133,265","67,128,108,000",0
009620,삼보산업,"752","-3","-0.40","280,747,575","28,645,368,992",0
023600,삼보판지,"8,010","300","3.89","1,430,542,490","129,521,700,000",0
111870,삼본전자,"1,600","-10","-0.62","897,172,965","103,818,665,600",0
309930,삼성머스트스팩3호,"-","0","0.00","0","9,593,100,000",0
291230,삼성스팩2호,"2,020","10","0.50","21,084,495","15,251,000,000",0
009300,삼아제약,"13,800","-50","-0.36","193,388,200","87,906,000,000",0
225190,삼양옵틱스,"10,650","0","0.00","436,531,700","107,458,500,000",0
054540,삼영엠텍,"3,330","30","0.91","171,090,840","43,290,000,000",0
065570,삼영이엔씨,"6,050","0","0.00","34,130,490","53,240,000,000",0
073640,삼원테크,"1,495","25","1.70","434,466,415","82,816,990,100",0
032280,삼일,"1,820","-10","-0.55","141,399,190","29,508,733,800",0
002290,삼일기업공사,"2,830","35","1.25","130,172,675","35,092,000,000",0
037460,삼지전자,"9,090","60","0.66","1,242,568,300","148,335,364,980",0
032750,삼진,"8,600","330","3.99","1,670,577,700","51,600,000,000",0
054090,삼진엘앤디,"1,955","35","1.82","226,028,065","48,795,298,560",0
000250,삼천당제약,"30,750","-500","-1.60","5,615,700,450","679,753,749,750",0
024950,삼천리자전거,"6,020","130","2.21","6,443,179,910","79,906,933,540",0
038500,삼표시멘트,"3,505","-20","-0.57","4,002,456,610","376,286,891,365",0
017480,삼현철강,"3,405","-5","-0.15","172,042,965","53,468,340,450",0
046390,삼화네트웍스,"1,505","-100","-6.23","1,539,429,365","64,817,239,165",0
027580,상보,"815","-20","-2.40","231,178,897","38,045,113,615",0
038540,상상인,"7,830","60","0.77","3,151,463,370","433,220,690,790",0
307870,상상인이안1호스팩,"2,000","0","0.00","20,085,270","9,500,000,000",0
329560,상상인이안제2호스팩,"2,000","5","0.25","9,225,995","7,700,000,000",0
101000,상상인인더스트리,"983","-12","-1.21","99,096,460","62,244,152,749",0
091580,상신이디피,"6,070","-40","-0.65","762,086,600","76,876,853,500",0
263810,상신전자,"2,705","-15","-0.55","150,620,695","38,531,962,190",0
089980,상아프론테크,"13,400","100","0.75","1,040,310,800","207,040,519,000",0
042940,상지카일룸,"1,795","-95","-5.03","2,528,435,265","76,390,450,430",0
042600,새로닉스,"2,820","-30","-1.05","152,820,040","35,034,478,680",0
263540,샘코,"-","0","0.00","0","16,452,364,175",0
294630,서남,"3,355","115","3.55","2,262,566,845","68,325,111,800",0
038070,서린바이오,"10,900","-50","-0.46","2,274,188,750","87,207,368,400",0
006730,서부T&D,"5,590","-120","-2.10","1,346,921,360","325,005,081,960",0
079650,서산,"2,425","25","1.04","524,863,265","48,500,000,000",0
100660,서암기계공업,"5,080","-50","-0.97","1,928,455,920","64,008,000,000",0
019770,서연탑메탈,"2,265","-15","-0.66","186,668,800","26,387,250,000",0
043710,서울리거,"1,315","25","1.94","468,277,290","44,848,540,510",0
092190,서울바이오시스,"12,250","400","3.38","24,755,515,650","468,239,749,250",0
046890,서울반도체,"13,200","100","0.76","8,415,896,400","769,631,280,000",0
063170,서울옥션,"4,455","25","0.56","264,109,080","75,367,462,500",0
027040,서울전자통신,"781","16","2.09","160,070,665","54,348,889,507",0
018680,서울제약,"8,370","40","0.48","1,317,605,870","71,023,626,630",0
093920,서원인텍,"5,410","80","1.50","346,322,450","100,626,000,000",0
189860,서전기전,"3,245","0","0.00","294,477,485","31,472,541,100",0
178320,서진시스템,"26,450","-400","-1.49","8,564,653,050","478,762,615,700",0
122690,서진오토모티브,"1,755","35","2.03","91,378,105","34,294,886,730",0
140070,서플러스글로벌,"1,720","0","0.00","102,231,585","63,619,360,000",0
011370,서한,"1,020","20","2.00","439,842,336","102,912,762,300",0
065710,서호전기,"19,850","500","2.58","406,225,950","102,227,500,000",0
035890,서희건설,"1,040","5","0.48","1,234,515,730","215,364,435,520",0
003100,선광,"14,550","0","0.00","85,609,500","96,030,000,000",0
123420,선데이토즈,"18,900","-100","-0.53","714,656,850","180,870,013,800",0
171090,선익시스템,"7,200","70","0.98","516,166,410","64,794,924,000",0
014620,성광벤드,"6,300","300","5.00","3,478,634,810","180,180,000,000",0
037350,성도이엔지,"3,340","170","5.36","543,857,385","51,669,800,000",0
081580,성우전자,"1,875","-5","-0.27","118,855,890","29,077,768,125",0
045300,성우테크론,"3,380","90","2.74","346,774,375","31,790,934,760",0
015750,성우하이텍,"2,940","50","1.73","1,111,426,905","235,200,000,000",0
080470,성창오토텍,"6,530","-30","-0.46","257,883,220","47,669,000,000",0
043260,성호전자,"556","10","1.83","40,795,854","19,792,511,908",0
148150,세경하이테크,"26,200","200","0.77","6,928,047,600","305,020,400,000",0
053060,세동,"609","-3","-0.49","80,612,020","13,039,299,000",0
017510,세명전기,"4,815","115","2.45","6,874,518,250","73,409,490,000",0
214310,세미콘라이트,"883","-6","-0.67","2,400,807,300","23,516,314,719",0
011560,세보엠이씨,"5,150","305","6.30","2,683,847,455","54,229,500,000",0
100700,세운메디칼,"3,105","5","0.16","607,876,215","135,999,000,000",0
234100,세원,"2,430","15","0.62","422,517,150","54,390,653,550",0
024830,세원물산,"-","0","0.00","0","52,438,000,000",0
258830,세종메디칼,"7,280","130","1.82","238,224,260","49,341,954,480",0
036630,세종텔레콤,"350","38","12.18","47,749,132,964","210,114,144,100",0
039310,세중,"2,435","-35","-1.42","1,969,211,705","44,126,259,145",0
067770,세진티에스,"2,470","-20","-0.80","107,078,575","20,739,584,710",0
053450,세코닉스,"4,785","0","0.00","305,117,430","56,478,699,585",0
234340,세틀뱅크,"25,450","-100","-0.39","1,969,872,300","235,845,150,000",0
252500,세화피앤씨,"2,600","-15","-0.57","490,081,470","53,932,307,000",0
051980,센트럴바이오,"645","-40","-5.84","871,462,953","29,866,654,050",0
049180,셀루메드,"-","0","0.00","0","145,526,284,020",0
299660,셀리드,"20,650","-350","-1.67","1,919,889,100","199,245,489,800",0
268600,셀리버리,"85,000","2,500","3.03","48,976,588,600","680,816,595,000",0
108860,셀바스AI,"-","0","0.00","0","83,371,472,100",0
208370,셀바스헬스케어,"2,600","-25","-0.95","627,844,610","56,334,561,400",0
068760,셀트리온제약,"70,600","-800","-1.12","26,703,582,600","2,527,177,196,600",0
091990,셀트리온헬스케어,"84,600","-100","-0.12","149,884,357,100","12,779,924,639,400",0
053110,소리바다,"572","2","0.35","582,320,902","53,738,819,992",0
032680,소프트센,"2,160","-175","-7.49","10,154,461,645","72,523,730,160",0
258790,소프트캠프,"1,575","-15","-0.94","319,818,910","38,117,022,300",0
066910,손오공,"2,085","-110","-5.01","39,394,243,360","56,078,495,685",0
043100,솔고바이오,"-","0","0.00","0","22,641,609,900",0
154040,솔루에타,"2,380","-5","-0.21","37,707,195","30,892,747,480",0
035610,솔본,"3,690","-100","-2.64","490,852,945","100,906,728,930",0
036830,솔브레인,"73,000","900","1.25","29,223,146,200","1,270,073,783,000",0
230980,솔트웍스,"5,660","90","1.62","506,215,430","72,965,550,400",0
086980,쇼박스,"2,865","-15","-0.52","1,005,238,905","179,349,000,000",0
050960,수산아이앤티,"5,670","40","0.71","19,489,980","38,278,170,000",0
084180,수성,"1,560","20","1.30","98,656,105","20,547,093,840",0
253840,수젠텍,"22,900","250","1.10","24,496,711,050","306,610,870,900",0
058530,슈펙스비앤피,"312","2","0.65","1,281,967,700","34,439,897,232",0
236200,슈프리마,"34,250","600","1.78","10,218,421,200","246,369,600,250",0
317770,슈프리마아이디,"13,850","-50","-0.36","146,446,550","41,446,402,000",0
094840,슈프리마에이치큐,"4,500","70","1.58","175,042,645","47,123,280,000",0
192440,슈피겐코리아,"43,500","800","1.87","4,113,522,950","270,411,790,500",0
099440,스맥,"1,810","20","1.12","772,846,765","51,469,751,870",0
033790,스카이문스테크놀로지,"-","0","0.00","0","14,190,075,900",0
131100,스카이이앤엠,"2,400","5","0.21","562,399,610","70,245,801,600",0
159910,스킨앤스킨,"313","0","0.00","117,208,305","43,523,506,055",0
158310,스타모빌리티,"-","0","0.00","0","6,096,179,210",0
115570,스타플렉스,"7,280","-120","-1.62","765,586,100","46,983,183,520",0
253450,스튜디오드래곤,"76,800","-200","-0.26","17,391,237,000","2,157,801,216,000",0
013810,스페코,"4,350","-480","-9.94","69,331,203,580","63,751,294,500",0
049830,승일,"8,380","360","4.49","4,670,803,060","51,387,098,560",0
020710,시공테크,"5,480","-110","-1.97","139,468,900","109,862,875,600",0
033170,시그네틱스,"726","9","1.26","262,335,744","62,238,759,594",0
048870,시너지이노베이션,"1,635","-15","-0.91","211,023,695","106,621,052,655",0
025320,시노펙스,"2,655","-100","-3.63","6,738,091,830","192,649,794,840",0
269620,시스웍,"2,090","20","0.97","107,443,315","37,620,000,000",0
131090,시큐브,"1,360","-25","-1.81","884,178,385","54,400,000,000",0
001000,신라섬유,"1,640","35","2.18","93,401,020","39,815,165,600",0
025870,신라에스지,"9,170","100","1.10","2,692,905,610","36,680,000,000",0
215600,신라젠,"12,600","-250","-1.95","22,859,772,550","902,375,775,000",0
065350,신성델타테크,"2,755","55","2.04","155,648,185","66,607,913,255",0
002800,신신제약,"7,420","0","0.00","1,377,709,860","112,565,110,000",0
323280,신영스팩5호,"2,015","10","0.50","35,207,060","7,062,575,000",0
344050,신영스팩6호,"2,000","10","0.50","4,719,950","8,610,000,000",0
017000,신원종합개발,"3,250","-20","-0.61","124,924,510","32,721,087,750",0
012790,신일제약,"7,470","-130","-1.71","748,444,290","81,437,940,000",0
138070,신진에스엠,"4,440","10","0.23","24,829,000","39,836,492,520",0
226330,신테카바이오,"10,000","-250","-2.44","2,525,133,480","131,736,360,000",0
277480,신한제4호스팩,"2,070","5","0.24","98,158,610","12,440,700,000",0
323230,신한제5호스팩,"2,010","10","0.50","35,649,390","8,663,100,000",0
333050,신한제6호스팩,"2,005","0","0.00","3,894,415","10,045,050,000",0
056700,신화인터텍,"2,420","-40","-1.63","360,266,485","70,506,920,220",0
187270,신화콘텍,"2,460","15","0.61","26,458,985","24,953,858,700",0
243840,신흥에스이씨,"30,200","300","1.00","1,084,971,500","203,011,195,000",0
108320,실리콘웍스,"30,150","400","1.34","3,974,785,700","490,368,645,000",0
222800,심텍,"9,550","-30","-0.31","10,354,724,840","217,290,758,450",0
036710,심텍홀딩스,"1,500","-100","-6.25","2,934,375,755","57,344,377,500",0
160980,싸이맥스,"9,450","130","1.39","548,505,090","103,234,096,350",0
217330,싸이토젠,"10,900","-450","-3.96","2,611,976,050","61,409,117,600",0
010280,쌍용정보통신,"1,515","15","1.00","980,930,330","61,303,011,510",0
208640,썸에이지,"690","0","0.00","472,637,114","86,195,994,390",0
222420,쎄노텍,"1,390","-20","-1.42","88,889,490","55,819,863,250",0
037760,쎄니트,"1,750","15","0.86","172,542,280","59,207,611,750",0
136510,쎄미시스코,"5,490","70","1.29","58,239,230","29,646,000,000",0
099320,쎄트렉아이,"21,050","-250","-1.17","2,592,711,000","153,001,651,350",0
049960,쎌바이오텍,"14,400","300","2.13","476,334,700","135,360,000,000",0
050890,쏠리드,"5,710","-30","-0.52","5,263,825,010","297,977,349,250",0
066790,씨씨에스,"-","0","0.00","0","38,895,837,705",0
222080,씨아이에스,"3,925","15","0.38","6,968,867,175","221,101,475,050",0
264660,씨앤지하이테크,"7,440","10","0.13","483,759,270","62,536,771,200",0
297090,씨에스베어링,"7,240","660","10.03","4,936,317,560","68,500,536,000",0
115530,씨엔플러스,"-","0","0.00","0","50,419,474,275",0
225330,씨엠에스에듀,"4,395","45","1.03","458,196,830","81,899,190,060",0
115480,씨유메디칼,"2,430","10","0.41","1,836,198,050","53,881,502,940",0
096530,씨젠,"92,900","100","0.11","162,798,012,300","2,437,140,458,000",0
101240,씨큐브,"7,190","20","0.28","176,540,600","72,893,542,960",0
060590,씨티씨바이오,"7,360","60","0.82","3,388,237,160","142,125,441,920",0
260930,씨티케이코스메틱스,"13,300","-300","-2.21","237,161,950","134,624,608,300",0
013990,아가방컴퍼니,"3,355","60","1.82","1,945,313,990","110,337,683,280",0
123860,아나패스,"16,650","0","0.00","538,432,450","168,626,205,000",0
025980,아난티,"10,000","0","0.00","46,591,435,940","846,450,040,000",0
058220,아리온,"-","0","0.00","0","10,717,917,100",0
125210,아모그린텍,"12,850","50","0.39","4,169,111,900","211,983,751,500",0
052710,아모텍,"21,000","0","0.00","2,591,575,800","204,611,526,000",0
074430,아미노로직스,"1,775","145","8.90","3,671,962,520","155,892,648,100",0
092040,아미코젠,"28,150","200","0.72","7,986,920,400","540,677,331,500",0
083930,아바코,"6,370","-30","-0.47","880,955,500","101,897,736,850",0
149950,아바텍,"7,070","10","0.14","31,237,970","110,345,025,000",0
036010,아비코전자,"4,375","65","1.51","156,262,280","58,156,586,250",0
050860,아세아텍,"3,025","5","0.17","980,381,820","52,937,500,000",0
246720,아스타,"4,110","90","2.24","87,029,225","47,193,169,530",0
067390,아스트,"4,500","-30","-0.66","2,351,308,950","115,558,434,000",0
127710,아시아경제,"1,525","5","0.33","214,727,445","38,900,819,350",0
154030,아시아종묘,"4,620","-50","-1.07","539,031,375","43,653,206,520",0
227610,아우딘퓨쳐스,"5,280","-10","-0.19","131,488,870","52,800,000,000",0
143160,아이디스,"20,700","-50","-0.24","3,562,939,900","221,829,273,000",0
054800,아이디스홀딩스,"13,900","100","0.72","112,838,750","143,833,808,400",0
099190,아이센스,"23,550","200","0.86","9,156,353,750","323,511,954,900",0
289010,아이스크림에듀,"10,000","-300","-2.91","10,180,700,000","128,640,370,000",0
214430,아이쓰리시스템,"21,550","0","0.00","4,683,115,100","153,150,678,000",0
040910,아이씨디,"15,500","-150","-0.96","5,596,542,700","272,312,075,500",0
068940,아이씨케이,"2,215","-5","-0.23","1,045,307,930","69,063,084,230",0
052860,아이앤씨,"3,845","45","1.18","424,589,540","67,528,020,130",0
069920,아이에스이커머스,"3,650","-60","-1.62","68,758,275","94,266,221,300",0
038880,아이에이,"388","0","0.00","319,927,494","93,669,905,028",0
123010,아이에이네트웍스,"1,410","25","1.81","877,961,925","51,376,914,480",0
307180,아이엘사이언스,"1,885","65","3.57","268,500,300","36,950,284,605",0
101390,아이엠,"808","20","2.54","268,565,380","34,116,321,360",0
226350,아이엠텍,"-","0","0.00","0","9,318,361,858",0
078860,아이오케이,"1,475","-25","-1.67","622,928,735","74,857,049,450",0
114810,아이원스,"5,220","140","2.76","215,451,300","70,031,097,180",0
031310,아이즈비전,"3,870","30","0.78","4,165,042,615","61,039,861,380",0
185490,아이진,"9,570","-180","-1.85","1,101,007,210","109,945,471,350",0
059100,아이컴포넌트,"3,850","15","0.39","21,341,350","27,222,811,000",0
175250,아이큐어,"24,250","-250","-1.02","1,429,287,600","156,326,897,500",0
052460,아이크래프트,"3,110","-130","-4.01","3,164,918,735","45,430,680,960",0
119830,아이텍,"5,790","250","4.51","1,881,778,010","63,002,055,360",0
052770,아이톡시,"-","0","0.00","0","32,518,212,340",0
124500,아이티센,"5,500","-100","-1.79","1,264,799,780","109,490,331,500",0
084850,아이티엠반도체,"59,300","1,000","1.72","34,745,769,300","1,354,141,710,600",0
027360,아주IB투자,"1,245","-5","-0.40","979,571,195","147,798,992,250",0
032080,아즈텍WB,"1,855","60","3.34","1,224,722,615","39,865,858,795",0
013310,아진산업,"2,170","60","2.84","827,905,855","79,438,105,740",0
059120,아진엑스텍,"6,530","130","2.03","95,129,100","45,356,824,950",0
158430,아톤,"20,500","-450","-2.15","859,911,400","84,562,602,500",0
067160,아프리카TV,"60,300","-4,600","-7.09","35,893,203,300","693,134,450,100",0
001540,안국약품,"9,710","20","0.21","395,865,280","126,641,898,200",0
053800,안랩,"58,000","1,600","2.84","21,031,401,600","580,803,590,000",0
065660,안트로젠,"35,050","-850","-2.37","4,956,334,700","307,573,458,850",0
297570,알로이스,"2,305","530","29.86","8,413,066,570","39,944,299,270",0
260660,알리코제약,"12,150","-400","-3.19","1,092,943,250","119,247,086,250",0
131370,알서포트,"6,220","-350","-5.33","29,898,388,410","331,321,256,260",0
140670,알에스오토메이션,"7,140","40","0.56","430,885,680","64,996,419,600",0
096610,알에프세미,"4,345","5","0.12","146,453,670","35,456,355,770",0
061040,알에프텍,"6,130","-110","-1.76","2,428,559,250","134,838,017,820",0
148250,알엔투테크놀로지,"12,150","200","1.67","5,325,035,150","85,503,401,550",0
196170,알테오젠,"94,200","1,700","1.84","18,569,227,400","1,318,418,490,000",0
123750,알톤스포츠,"2,380","260","12.26","2,848,891,530","30,336,186,860",0
085810,알티캐스트,"1,240","-20","-1.59","71,797,695","26,316,718,400",0
117670,알파홀딩스,"5,470","-220","-3.87","1,539,116,910","92,077,221,100",0
293780,압타바이오,"24,200","0","0.00","3,826,510,550","266,592,838,600",0
196300,애니젠,"8,360","330","4.11","256,214,040","41,935,139,400",0
310200,애니플러스,"1,500","60","4.17","334,799,195","41,876,158,500",0
205500,액션스퀘어,"1,220","20","1.67","196,190,740","50,425,826,900",0
052790,액토즈소프트,"8,240","10","0.12","356,163,840","93,364,457,120",0
131400,액트,"5,000","255","5.37","3,240,258,080","104,198,815,000",0
290740,액트로,"9,450","40","0.43","682,300,940","94,783,603,950",0
238090,앤디포스,"3,930","30","0.77","2,105,998,655","200,034,123,240",0
092600,앤씨앤,"2,230","80","3.72","1,301,355,920","46,712,925,000",0
174900,앱클론,"43,300","-1,800","-3.99","8,829,780,850","310,720,800,000",0
255440,야스,"12,300","600","5.13","1,120,761,300","160,613,400,000",0
030960,양지사,"9,410","-20","-0.21","104,851,710","150,371,800,000",0
102120,어보브반도체,"8,290","140","1.72","7,054,316,440","144,740,523,370",0
019990,에너토크,"3,520","-25","-0.71","143,225,630","34,341,429,760",0
041440,에버다임,"3,680","-5","-0.14","67,471,405","65,930,673,920",0
038680,에스넷,"6,600","-140","-2.08","1,694,723,820","106,096,419,000",0
217480,에스디생명공학,"4,155","-5","-0.12","310,716,425","93,134,599,230",0
121890,에스디시스템,"-","0","0.00","0","6,686,160,142",0
030270,에스마크,"-","0","0.00","0","7,547,575,598",0
097780,에스맥,"1,330","-105","-7.32","64,518,821,260","344,185,183,160",0
073070,에스모,"456","-14","-2.98","3,689,607,502","51,093,139,704",0
087730,에스모 머티리얼즈,"-","0","0.00","0","18,951,029,292",0
042110,에스씨디,"997","18","1.84","181,624,263","48,184,575,308",0
065420,에스아이리소스,"-","0","0.00","0","41,281,932,996",0
103230,에스앤더블류,"2,160","-15","-0.69","155,842,850","15,552,000,000",0
101490,에스앤에스텍,"20,950","1,350","6.89","41,249,846,950","413,455,184,450",0
095910,에스에너지,"3,380","65","1.96","463,181,785","45,171,404,980",0
275630,에스에스알,"5,300","-20","-0.38","180,038,480","30,711,173,300",0
031330,에스에이엠티,"1,980","0","0.00","1,083,232,000","197,990,232,660",0
060540,에스에이티,"1,805","0","0.00","268,371,475","47,170,617,330",0
112240,에스에프씨,"-","0","0.00","0","79,827,028,710",0
056190,에스에프에이,"34,950","400","1.16","6,147,075,000","1,255,011,162,000",0
080000,에스엔유,"3,030","-15","-0.49","564,097,525","103,998,296,100",0
041510,에스엠,"27,700","-250","-0.89","15,596,879,450","649,537,327,700",0
007820,에스엠코어,"7,790","-10","-0.13","1,242,598,780","156,064,439,340",0
109610,에스와이,"4,260","45","1.07","394,767,795","106,627,897,980",0
306040,에스제이그룹,"47,000","-2,200","-4.47","2,675,377,700","154,846,200,000",0
080440,에스제이케이,"-","0","0.00","0","6,636,328,080",0
096630,에스코넥,"2,055","-45","-2.14","8,314,972,905","134,121,062,820",0
069510,에스텍,"8,960","60","0.67","102,224,140","97,753,600,000",0
041910,에스텍파마,"9,670","-170","-1.73","2,423,647,520","115,056,203,210",0
234300,에스트래픽,"5,850","-30","-0.51","169,273,770","69,738,903,000",0
039440,에스티아이,"16,100","550","3.54","9,540,039,050","254,863,000,000",0
098660,에스티오,"2,125","-25","-1.16","96,822,040","26,564,574,000",0
052020,에스티큐브,"10,550","-100","-0.94","2,215,405,800","318,212,908,550",0
237690,에스티팜,"32,900","-1,050","-3.09","9,697,664,500","613,782,400,000",0
050760,에스폴리텍,"3,945","-135","-3.31","866,774,340","64,440,304,710",0
288620,에스퓨얼셀,"18,100","-50","-0.28","1,440,407,750","103,972,119,600",0
317830,에스피시스템스,"4,215","5","0.12","105,712,600","34,334,125,500",0
058610,에스피지,"5,300","-50","-0.93","410,562,650","110,647,967,500",0
043340,에쎈테크,"1,285","-20","-1.53","2,192,165,765","92,520,000,000",0
054630,에이디칩스,"857","4","0.47","446,066,879","38,406,908,353",0
200710,에이디테크놀로지,"24,850","50","0.20","5,944,402,050","230,149,095,050",0
096690,에이루트,"-","0","0.00","0","43,299,934,720",0
298380,에이비엘바이오,"18,200","-650","-3.45","13,598,160,050","841,681,295,000",0
195990,에이비프로바이오,"617","-3","-0.48","1,593,657,905","122,009,682,433",0
003800,에이스침대,"43,400","150","0.35","125,178,000","481,306,000,000",0
088800,에이스테크,"8,510","-90","-1.05","4,965,641,920","347,021,996,930",0
241840,에이스토리,"8,120","-90","-1.10","1,914,972,530","75,664,108,800",0
138360,에이씨티,"-","0","0.00","0","122,161,688,320",0
039230,에이아이비트,"-","0","0.00","0","18,889,625,713",0
050320,에이앤티앤,"-","0","0.00","0","43,851,537,600",0
312610,에이에프더블류,"9,860","30","0.31","1,003,768,980","99,866,457,840",0
072990,에이치시티,"9,340","-30","-0.32","98,328,010","64,703,784,000",0
176440,에이치엔티,"-","0","0.00","0","164,619,542,400",0
028300,에이치엘비,"96,000","-400","-0.41","34,946,023,300","4,150,633,152,000",0
067630,에이치엘비생명과학,"19,000","-100","-0.52","7,129,898,450","894,338,607,000",0
043220,에이치엘비파워,"1,310","-10","-0.76","1,891,010,020","119,361,143,870",0
239610,에이치엘사이언스,"54,900","-200","-0.36","3,094,930,400","282,303,925,200",0
044780,에이치케이,"1,225","10","0.82","94,514,845","22,669,589,075",0
071670,에이테크솔루션,"6,130","0","0.00","162,104,760","61,300,000,000",0
045660,에이텍,"11,850","-50","-0.42","14,073,014,800","97,881,000,000",0
224110,에이텍티앤,"9,320","-70","-0.75","1,940,410,920","49,768,800,000",0
021080,에이티넘인베스트,"1,680","0","0.00","1,316,542,940","80,640,000,000",0
089530,에이티세미콘,"568","3","0.53","110,689,583","47,215,953,104",0
200470,에이팩트,"6,180","-10","-0.16","1,256,581,950","108,481,742,400",0
036180,에이프런티어,"-","0","0.00","0","21,208,410,905",0
109960,에이프로젠 H&G,"1,175","-30","-2.49","48,495,696,815","209,966,879,975",0
089970,에이피티씨,"7,830","0","0.00","236,298,420","181,926,878,850",0
230240,에치에프알,"36,100","-250","-0.69","10,945,399,950","432,550,922,000",0
064510,에코마이스터,"3,655","-245","-6.28","8,382,370,330","49,567,103,405",0
230360,에코마케팅,"32,750","2,300","7.55","26,294,093,500","530,515,186,750",0
038870,에코바이오,"5,000","-200","-3.85","1,517,118,065","58,054,970,000",0
128540,에코캡,"2,230","-5","-0.22","113,697,850","32,466,124,000",0
086520,에코프로,"20,200","200","1.00","3,336,413,700","446,221,858,200",0
247540,에코프로비엠,"73,000","0","0.00","14,925,049,700","1,530,384,118,000",0
038110,에코플라스틱,"1,205","0","0.00","101,350,110","30,931,590,850",0
073540,에프알텍,"4,570","15","0.33","374,644,610","52,098,000,000",0
064090,에프앤리퍼블릭,"520","-4","-0.76","144,317,115","39,728,992,680",0
036810,에프에스티,"8,010","140","1.78","3,322,358,540","162,072,850,140",0
173940,에프엔씨엔터,"6,060","120","2.02","307,074,380","87,051,172,800",0
083500,에프엔에스테크,"11,050","-150","-1.34","1,109,403,400","83,262,435,100",0
054940,엑사이엔씨,"1,175","10","0.86","589,914,105","38,978,918,900",0
205100,엑셈,"3,485","-25","-0.71","2,742,562,735","118,079,721,405",0
070300,엑스큐어,"7,160","20","0.28","2,233,746,300","52,741,089,840",0
092870,엑시콘,"7,590","-120","-1.56","353,807,720","71,197,182,870",0
317870,엔바이오니아,"5,970","130","2.23","1,773,576,260","44,509,663,350",0
067570,엔브이에이치코리아,"2,505","-25","-0.99","555,956,695","74,127,421,425",0
101400,엔시트론,"393","90","29.70","17,013,561,458","54,423,779,700",0
217820,엔에스,"6,350","40","0.63","620,024,270","62,230,000,000",0
031860,엔에스엔,"2,200","10","0.46","1,780,281,155","72,085,134,000",0
273060,엔에이치스팩12호,"2,025","-5","-0.25","6,626,010","15,207,750,000",0
310840,엔에이치스팩13호,"2,015","0","0.00","1,747,175","6,891,300,000",0
319400,엔에이치스팩14호,"2,005","5","0.25","56,606,030","17,283,100,000",0
339950,엔에이치스팩15호,"-","0","0.00","0","13,080,000,000",0
208860,엔지스테크널러지,"4,200","80","1.94","600,915,535","42,195,568,800",0
183490,엔지켐생명과학,"75,100","1,500","2.04","6,570,200,100","590,606,076,200",0
182400,엔케이맥스,"12,000","-200","-1.64","2,705,141,550","377,688,216,000",0
206400,엔터메이트,"789","-9","-1.13","741,507,262","65,735,231,235",0
069410,엔텔스,"9,440","90","0.96","602,226,360","65,128,702,880",0
198080,엔피디,"4,690","-5","-0.11","4,141,960,530","101,000,017,650",0
048830,엔피케이,"1,490","5","0.34","69,428,975","27,898,645,270",0
096870,엘디티,"2,320","90","4.04","150,138,175","15,493,888,000",0
061970,엘비세미콘,"7,200","-1,260","-14.89","138,148,092,700","315,249,062,400",0
138690,엘아이에스,"6,720","10","0.15","249,246,840","107,701,245,120",0
290650,엘앤씨바이오,"69,800","1,900","2.80","6,570,133,800","513,681,373,600",0
066970,엘앤에프,"19,100","100","0.53","4,054,061,900","472,891,723,900",0
156100,엘앤케이바이오,"-","0","0.00","0","75,558,939,360",0
073110,엘엠에스,"10,650","-100","-0.93","1,175,866,700","94,739,790,750",0
083310,엘오티베큠,"9,310","380","4.26","4,852,289,740","125,810,061,230",0
037950,엘컴텍,"2,025","-90","-4.26","9,670,840,570","171,006,225,975",0
170920,엘티씨,"8,860","-130","-1.45","270,723,380","66,626,694,980",0
058630,엠게임,"3,890","-40","-1.02","1,132,639,080","76,025,681,530",0
019590,엠벤처투자,"1,020","0","0.00","1,608,030,115","61,345,023,600",0
097520,엠씨넥스,"29,750","100","0.34","12,982,888,050","531,438,589,500",0
179290,엠아이텍,"3,380","0","0.00","676,949,305","102,831,626,040",0
009780,엠에스씨,"4,880","-40","-0.81","183,241,435","85,888,000,000",0
123040,엠에스오토텍,"5,450","70","1.30","5,135,154,040","186,535,297,000",0
032790,엠젠플러스,"-","0","0.00","0","73,910,797,425",0
033160,엠케이전자,"6,530","0","0.00","1,121,974,090","142,404,209,170",0
259630,엠플러스,"18,400","200","1.10","564,617,800","95,306,719,200",0
115960,연우,"19,250","-150","-0.77","954,533,800","238,661,500,000",0
090740,연이정보통신,"4,945","-75","-1.49","2,038,063,390","93,453,334,695",0
007530,영신금속,"1,580","30","1.94","164,850,900","20,276,089,440",0
143540,영우디에스피,"1,695","85","5.28","1,465,021,245","51,177,994,365",0
036560,영풍정밀,"6,740","60","0.90","175,090,770","106,155,000,000",0
265560,영화테크,"9,130","290","3.28","512,647,980","48,800,671,700",0
036000,예림당,"2,500","0","0.00","364,377,935","57,585,692,500",0
250930,예선테크,"1,900","25","1.33","265,003,665","62,700,836,000",0
053280,예스24,"5,790","60","1.05","266,886,570","99,588,000,000",0
122640,예스티,"8,030","60","0.75","956,575,210","112,446,723,840",0
045060,오공,"5,540","40","0.73","4,641,141,260","93,858,535,960",0
080520,오디텍,"3,930","15","0.38","218,965,840","46,164,173,370",0
039830,오로라,"10,900","-100","-0.91","13,117,835,850","117,315,501,000",0
046120,오르비텍,"3,065","5","0.16","916,579,315","72,918,106,245",0
014940,오리엔탈정공,"705","39","5.86","1,244,791,829","32,129,431,005",0
065500,오리엔트정공,"319","19","6.33","1,241,315,076","37,391,445,278",0
010470,오리콤,"3,840","20","0.52","79,443,470","44,943,552,000",0
053980,오상자이엘,"12,150","-550","-4.33","17,884,455,800","215,636,766,300",0
052420,오성첨단소재,"2,425","-30","-1.22","6,608,181,240","150,268,095,625",0
241790,오션브릿지,"9,390","100","1.08","505,425,460","93,924,733,260",0
039200,오스코텍,"22,300","-250","-1.11","4,924,924,000","651,166,935,300",0
226400,오스테오닉,"3,015","15","0.50","48,850,240","25,502,274,990",0
031510,오스템,"1,775","-40","-2.20","641,537,025","46,150,000,000",0
048260,오스템임플란트,"32,900","550","1.70","6,359,053,850","470,000,089,300",0
138080,오이솔루션,"39,400","-750","-1.87","7,875,989,150","418,589,343,000",0
080580,오킨스전자,"3,200","15","0.47","104,250,270","22,373,788,800",0
067170,오텍,"9,530","250","2.69","4,824,748,500","146,681,995,650",0
173130,오파스넷,"6,890","-100","-1.43","121,011,300","27,738,464,780",0
049480,오픈베이스,"3,000","-160","-5.06","5,578,365,015","94,267,149,000",0
244460,올리패스,"12,500","-500","-3.85","1,135,254,050","199,612,512,500",0
226950,올릭스,"34,850","-1,000","-2.79","2,818,675,600","228,717,796,850",0
057540,옴니시스템,"1,930","90","4.89","7,868,065,360","78,510,498,950",0
057680,옴니텔,"1,705","30","1.79","2,988,799,805","69,043,557,275",0
082210,옵트론텍,"4,820","10","0.21","1,876,396,350","114,118,083,820",0
109080,옵티시스,"6,270","-30","-0.48","111,646,130","35,337,720,000",0
153710,옵티팜,"7,180","0","0.00","342,020,530","103,232,302,440",0
122990,와이솔,"10,350","0","0.00","1,944,899,950","291,579,589,350",0
232140,와이아이케이,"3,205","-15","-0.47","681,006,815","203,570,122,895",0
067900,와이엔텍,"10,800","100","0.93","3,292,557,000","196,556,317,200",0
155650,와이엠씨,"10,050","-100","-0.99","1,458,270,600","200,742,297,900",0
251370,와이엠티,"20,950","550","2.70","546,942,600","155,138,940,000",0
066430,와이오엠,"1,975","55","2.86","10,251,139,210","29,295,660,850",0
193250,와이제이엠게임즈,"1,580","-30","-1.86","1,361,510,235","85,552,631,300",0
019210,와이지-원,"4,895","-55","-1.11","617,087,815","149,658,844,005",0
122870,와이지엔터테인먼트,"29,650","100","0.34","5,974,835,700","539,742,936,850",0
079000,와토스코리아,"4,960","110","2.27","18,471,370","35,712,000,000",0
114630,우노앤컴퍼니,"3,020","10","0.33","190,407,925","40,993,374,300",0
032820,우리기술,"822","5","0.61","445,325,679","82,832,281,578",0
041190,우리기술투자,"2,570","0","0.00","5,544,598,555","215,880,000,000",0
115440,우리넷,"8,510","10","0.12","2,248,958,030","77,755,393,440",0
046970,우리로,"1,850","-50","-2.63","924,892,870","49,722,277,950",0
082850,우리바이오,"1,025","-5","-0.49","446,597,602","46,040,824,950",0
215360,우리산업,"18,000","150","0.84","1,566,944,350","164,378,934,000",0
072470,우리산업홀딩스,"5,690","-10","-0.18","933,823,220","107,468,970,290",0
073560,우리손에프앤지,"2,115","-5","-0.24","14,850,933,500","146,437,614,945",0
153490,우리이앤엘,"978","58","6.30","1,050,853,580","48,802,200,000",0
037400,우리조명,"947","-13","-1.35","167,864,859","23,602,408,662",0
101170,우림기계,"2,650","0","0.00","56,278,660","35,775,000,000",0
066590,우수AMS,"4,100","-5","-0.12","33,383,894,645","101,246,642,300",0
103840,우양,"5,370","20","0.37","24,333,387,690","69,047,460,000",0
046940,우원개발,"7,050","-60","-0.84","14,622,234,370","127,424,167,500",0
215380,우정바이오,"6,870","40","0.59","2,553,922,970","76,616,177,340",0
065680,우주일렉트로,"14,400","-450","-3.03","2,662,101,350","143,052,768,000",0
018620,우진비앤지,"2,410","45","1.90","3,026,347,390","62,580,501,330",0
032940,원익,"3,190","5","0.16","89,646,810","58,036,403,700",0
240810,원익IPS,"27,850","550","2.01","12,811,338,900","1,366,986,642,850",0
074600,원익QnC,"12,800","300","2.40","8,831,333,250","336,486,400,000",0
104830,원익머트리얼즈,"24,050","-50","-0.21","2,409,480,250","303,222,400,000",0
014190,원익큐브,"1,395","0","0.00","147,685,205","49,382,868,870",0
030530,원익홀딩스,"3,785","80","2.16","1,930,200,830","292,345,758,085",0
012620,원일특강,"9,090","200","2.25","256,479,810","39,996,000,000",0
008370,원풍,"3,795","150","4.12","3,948,313,660","45,540,000,000",0
008290,원풍물산,"2,620","-40","-1.50","296,087,745","106,617,438,980",0
101160,월덱스,"6,890","130","1.92","2,303,906,540","113,760,741,770",0
095270,웨이브일렉트로,"11,550","950","8.96","2,085,854,350","127,137,941,700",0
065950,웰크론,"7,000","10","0.14","17,825,871,970","197,619,114,000",0
076080,웰크론한텍,"1,740","50","2.96","69,875,265","34,765,377,480",0
196700,웹스,"1,495","0","0.00","129,438,035","20,479,221,620",0
069080,웹젠,"16,650","-200","-1.19","3,722,955,200","587,926,218,600",0
053580,웹케시,"47,900","550","1.16","1,467,192,000","323,979,074,500",0
071460,위니아딤채,"2,805","125","4.66","1,677,184,395","100,888,262,475",0
044340,위닉스,"18,650","600","3.32","14,834,597,800","333,339,376,250",0
112040,위메이드,"23,650","800","3.50","4,957,764,900","397,320,000,000",0
065370,위세아이텍,"12,350","-150","-1.20","882,031,000","53,012,375,000",0
038620,위즈코프,"986","36","3.79","315,413,463","38,287,141,192",0
299900,위지윅스튜디오,"4,650","-25","-0.53","2,671,931,840","139,587,657,150",0
036090,위지트,"618","1","0.16","107,244,651","51,907,665,348",0
136540,윈스,"15,450","-150","-0.96","2,548,157,600","187,556,248,350",0
097800,윈팩,"1,785","75","4.39","2,674,208,520","66,492,829,725",0
192390,윈하이텍,"2,535","200","8.57","4,165,736,895","27,015,231,360",0
313760,윌링스,"8,860","160","1.84","171,668,740","43,077,320,000",0
036200,유니셈,"4,970","75","1.53","2,403,501,310","152,401,188,310",0
018000,유니슨,"925","25","2.78","454,436,891","86,580,560,550",0
203450,유니온커뮤니티,"2,470","-30","-1.20","343,941,635","36,257,147,290",0
011320,유니크,"6,310","-20","-0.32","4,810,036,260","121,913,585,450",0
086390,유니테스트,"12,850","800","6.64","19,344,378,800","271,573,519,100",0
241690,유니테크노,"9,100","20","0.22","23,996,840","108,540,432,000",0
142210,유니트론텍,"5,800","-20","-0.34","1,129,329,590","61,780,770,600",0
048430,유라테크,"5,930","10","0.17","259,189,010","68,313,600,000",0
206650,유바이오로직스,"6,460","-60","-0.92","1,442,347,810","173,079,504,780",0
089850,유비벨록스,"5,720","-90","-1.55","158,187,170","40,701,786,840",0
032620,유비케어,"7,200","-450","-5.88","40,662,928,390","375,819,400,800",0
264450,유비쿼스,"28,750","-150","-0.52","1,080,621,400","147,313,706,250",0
078070,유비쿼스홀딩스,"31,950","-450","-1.39","11,297,643,700","597,357,264,600",0
024800,유성티엔에스,"2,460","35","1.44","389,752,460","66,945,406,800",0
054930,유신,"17,400","100","0.58","907,072,350","52,200,000,000",0
069330,유아이디,"-","0","0.00","0","12,541,620,560",0
049520,유아이엘,"4,250","-10","-0.23","166,182,705","92,585,978,000",0
287410,유안타제3호스팩,"2,045","-5","-0.24","53,275","8,660,575,000",0
313750,유안타제4호스팩,"2,015","0","0.00","144,460","9,369,750,000",0
336060,유안타제5호스팩,"1,995","-5","-0.25","545,380","11,830,350,000",0
340360,유안타제6호스팩,"2,000","5","0.25","1,450,425","13,690,000,000",0
056090,유앤아이,"4,090","45","1.11","23,959,620","31,758,416,460",0
263770,유에스티,"3,130","30","0.97","293,067,185","74,181,538,360",0
023410,유진기업,"4,135","105","2.61","5,282,718,965","319,680,418,505",0
056080,유진로봇,"2,300","-30","-1.29","330,808,185","86,277,949,600",0
321260,유진스팩4호,"2,000","0","0.00","35,220,400","6,980,000,000",0
331380,유진스팩5호,"2,005","10","0.50","26,082,925","8,040,050,000",0
084370,유진테크,"17,600","400","2.33","5,753,645,850","403,322,339,200",0
178780,유테크,"1,970","-45","-2.23","202,238,845","48,400,478,870",0
179900,유티아이,"18,200","100","0.55","3,546,343,050","293,327,489,000",0
263050,유틸렉스,"61,000","-1,700","-2.71","6,092,396,000","453,274,774,000",0
191410,육일씨엔에쓰,"3,445","-135","-3.77","5,481,675,445","32,255,610,790",0
072770,율호,"1,300","-480","-26.97","26,245,355,525","46,744,773,400",0
039020,이건홀딩스,"2,005","5","0.25","39,485,600","45,282,341,545",0
060230,이그잭스,"1,910","-10","-0.52","872,433,825","142,346,982,560",0
067920,이글루시큐리티,"4,220","-80","-1.86","66,214,690","46,403,622,180",0
044960,이글벳,"6,930","-10","-0.14","2,668,250,820","87,608,249,190",0
302430,이노메트리,"13,450","150","1.13","1,532,286,900","129,795,405,200",0
073490,이노와이어리스,"50,200","-1,000","-1.95","11,936,316,650","338,224,708,800",0
086250,이노와이즈,"-","45","3.31","16,857,140,915","43,288,294,470",0
215790,이노인스트루먼트,"2,215","110","5.23","6,367,001,540","89,227,175,035",0
246960,이노테라피,"8,260","410","5.22","651,714,840","41,664,959,840",0
088390,이녹스,"5,010","10","0.20","27,820,980","46,847,728,440",0
272290,이녹스첨단소재,"36,650","600","1.66","3,022,268,250","348,266,368,450",0
053350,이니텍,"4,235","-155","-3.53","648,710,460","83,814,529,260",0
258610,이더블유케이,"5,190","-610","-10.52","21,845,650,110","60,903,606,810",0
215090,이디티,"1,355","-85","-5.90","6,386,579,335","35,426,105,085",0
041520,이라이콤,"3,760","-25","-0.66","134,765,330","45,829,624,800",0
264850,이랜시스,"1,975","-25","-1.25","137,523,435","53,427,328,700",0
054210,이랜텍,"3,995","-15","-0.37","399,364,210","87,831,800,840",0
065440,이루온,"1,450","-5","-0.34","523,094,365","39,548,779,000",0
036260,이매진아시아,"-","0","0.00","0","97,187,539,620",0
115610,이미지스,"2,220","-40","-1.77","45,152,935","17,025,464,160",0
323210,이베스트이안스팩1호,"2,010","0","0.00","5,693,320","6,432,000,000",0
078020,이베스트투자증권,"4,800","280","6.19","1,886,168,035","266,309,712,000",0
080010,이상네트웍스,"6,440","80","1.26","23,021,310","58,056,600,000",0
086890,이수앱지스,"5,730","-40","-0.69","497,366,980","152,562,923,160",0
047560,이스트소프트,"7,130","110","1.57","291,898,830","70,582,722,000",0
067010,이씨에스,"3,720","-60","-1.59","4,949,629,500","45,733,680,000",0
223310,이에스브이,"-","0","0.00","0","26,951,005,530",0
052190,이에스에이,"-","0","0.00","0","13,511,445,155",0
226360,이엑스티,"2,855","60","2.15","986,465,690","83,800,031,375",0
102710,이엔에프테크놀로지,"26,500","300","1.15","8,833,373,700","377,037,654,000",0
094190,이엘케이,"-","0","0.00","0","56,922,108,455",0
063760,이엘피,"8,130","-20","-0.25","159,116,970","39,922,365,000",0
123570,이엠넷,"3,360","85","2.60","342,327,235","74,847,622,080",0
095190,이엠코리아,"3,415","-35","-1.01","1,330,682,650","124,076,184,160",0
091120,이엠텍,"8,170","330","4.21","1,070,365,870","131,217,847,120",0
039030,이오테크닉스,"72,500","1,400","1.97","21,039,799,300","893,167,375,000",0
088290,이원컴포텍,"7,120","30","0.42","1,128,010,830","121,380,805,920",0
181340,이즈미디어,"3,470","45","1.31","184,884,010","24,446,497,000",0
035810,이지바이오,"-","0","0.00","0","246,770,515,260",0
090850,이지웰,"11,300","150","1.35","1,436,372,100","126,233,735,100",0
099750,이지케어텍,"18,100","-650","-3.47","1,427,215,950","115,586,600,000",0
160600,이큐셀,"-","0","0.00","0","9,342,222,930",0
092130,이크레더블,"18,650","50","0.27","184,684,300","224,613,140,000",0
016250,이테크건설,"81,800","4,000","5.14","1,340,417,500","229,040,000,000",0
096040,이트론,"168","1","0.60","442,686,916","58,732,589,664",0
134060,이퓨쳐,"6,170","-230","-3.59","377,554,920","29,426,272,500",0
001840,이화공영,"5,530","30","0.55","10,534,397,580","109,525,852,800",0
024810,이화전기,"173","3","1.76","1,404,167,660","124,267,981,536",0
041830,인바디,"18,850","-300","-1.57","2,296,881,600","257,939,290,700",0
079950,인베니아,"1,760","10","0.57","355,527,915","40,832,000,000",0
277410,인산가,"1,600","0","0.00","285,624,975","42,412,561,600",0
060150,인선이엔티,"7,350","-80","-1.08","3,197,592,300","282,175,922,700",0
033230,인성정보,"4,770","5","0.10","20,491,232,560","93,098,446,380",0
037330,인지디스플레,"1,540","0","0.00","732,402,455","67,583,244,960",0
083640,인콘,"1,175","10","0.86","716,049,590","95,195,587,175",0
216050,인크로스,"25,950","-50","-0.19","2,313,291,300","209,073,363,150",0
049070,인탑스,"10,950","0","0.00","843,267,200","188,340,000,000",0
119610,인터로조,"23,200","0","0.00","1,359,879,100","270,904,961,600",0
017250,인터엠,"1,865","15","0.81","79,973,825","39,249,795,955",0
108790,인터파크,"4,280","-30","-0.70","211,008,805","141,905,454,400",0
035080,인터파크홀딩스,"1,830","30","1.67","498,728,210","107,055,000,000",0
051370,인터플렉스,"10,050","0","0.00","1,311,483,360","234,441,093,600",0
064290,인텍플러스,"9,110","160","1.79","3,746,023,280","114,239,053,820",0
189300,인텔리안테크,"20,750","-50","-0.24","1,915,547,500","156,621,124,500",0
150840,인트로메딕,"2,550","-70","-2.67","2,374,478,835","68,839,300,200",0
048530,인트론바이오,"12,850","-200","-1.53","3,108,858,000","385,638,073,250",0
175140,인포마크,"5,520","80","1.47","70,733,040","20,165,973,120",0
115310,인포바인,"19,550","300","1.56","25,847,700","62,420,862,650",0
039290,인포뱅크,"6,450","30","0.47","490,830,680","56,076,158,100",0
041020,인프라웨어,"1,055","-5","-0.47","158,351,420","39,523,633,800",0
071200,인피니트헬스케어,"7,640","-420","-5.21","10,473,830,790","186,388,939,120",0
101930,인화정공,"3,530","105","3.07","168,461,630","32,940,918,650",0
068330,일신바이오,"2,230","5","0.22","2,968,353,130","98,601,992,200",0
058450,일야,"1,070","-50","-4.46","306,544,825","17,013,000,000",0
019540,일지테크,"2,850","50","1.79","237,251,580","38,513,475,000",0
094820,일진파워,"4,590","20","0.44","150,419,410","69,211,274,310",0
049550,잉크테크,"3,530","5","0.14","83,327,325","56,550,359,960",0
254120,자비스,"1,700","40","2.41","1,119,623,290","32,305,909,200",0
221610,자안,"904","208","29.89","386,541,360","18,051,401,960",0
043910,자연과환경,"1,635","-65","-3.82","12,448,243,305","86,899,198,695",0
234920,자이글,"3,310","-50","-1.49","126,880,255","44,787,312,100",0
174880,장원테크,"1,840","15","0.82","1,231,279,425","59,301,376,560",0
049630,재영솔루텍,"854","0","0.00","460,335,533","62,194,698,664",0
110020,전진바이오팜,"5,060","40","0.80","40,544,480","24,267,395,680",0
065530,전파기지국,"4,560","20","0.44","25,775,311,060","241,041,600,000",0
208140,정다운,"2,240","40","1.82","334,470,190","45,986,805,760",0
022220,정산애강,"1,705","35","2.10","605,873,725","88,309,757,195",0
040420,정상제이엘에스,"6,420","20","0.31","131,246,140","100,649,883,840",0
045510,정원엔시스,"1,800","40","2.27","1,553,058,960","57,976,725,600",0
065620,제낙스,"-","0","0.00","0","78,982,709,300",0
217190,제너셈,"2,820","30","1.08","282,095,305","24,729,070,680",0
095700,제넥신,"65,500","-2,600","-3.82","40,265,991,000","1,557,881,278,500",0
072520,제넨바이오,"1,340","0","0.00","2,001,204,590","122,092,630,020",0
122310,제노레이,"8,720","-130","-1.47","5,563,904,770","126,909,519,680",0
187420,제노포커스,"5,580","-30","-0.53","1,022,421,970","121,857,507,540",0
123330,제닉,"3,900","50","1.30","204,430,870","27,300,000,000",0
159580,제로투세븐,"8,490","190","2.29","1,733,436,640","170,077,079,640",0
147830,제룡산업,"4,905","5","0.10","216,586,120","49,050,000,000",0
033100,제룡전기,"5,560","10","0.18","717,938,570","89,306,994,040",0
079370,제우스,"9,580","190","2.02","619,675,200","99,478,720,000",0
054950,제이브이엠,"24,750","2,950","13.53","14,268,614,000","156,689,973,000",0
090470,제이스텍,"9,400","240","2.62","3,732,996,110","137,219,395,200",0
137950,제이씨케미칼,"4,515","-45","-0.99","1,353,925,730","100,275,070,770",0
033320,제이씨현시스템,"3,980","-45","-1.12","1,083,805,100","76,075,439,360",0
204270,제이앤티씨,"10,450","-200","-1.88","5,227,993,500","604,516,469,700",0
026040,제이에스티나,"2,680","-5","-0.19","257,076,320","44,230,157,200",0
126880,제이엔케이히터,"4,235","45","1.07","1,778,939,810","94,612,767,095",0
322510,제이엘케이,"6,460","-50","-0.77","2,234,449,190","96,685,121,020",0
033050,제이엠아이,"1,460","60","4.29","1,371,191,285","47,565,839,320",0
094970,제이엠티,"2,720","-35","-1.27","686,021,675","45,555,212,800",0
058420,제이웨이,"-","0","0.00","0","28,550,680,850",0
089790,제이티,"6,070","230","3.94","1,689,182,200","62,615,163,910",0
052670,제일바이오,"7,800","-180","-2.26","7,668,614,400","117,000,000,000",0
023440,제일제강,"1,900","0","0.00","65,519,660","56,035,546,700",0
038010,제일테크노스,"3,410","-190","-5.28","1,568,055,575","30,690,000,000",0
080220,제주반도체,"2,900","25","0.87","1,136,662,995","90,262,674,000",0
216080,제테마,"27,200","700","2.64","2,355,337,500","232,066,510,400",0
082270,젬백스,"22,250","300","1.37","11,436,977,000","873,566,216,750",0
064800,젬백스링크,"1,040","-5","-0.48","680,394,580","80,307,222,320",0
041590,젬백스지오,"905","3","0.33","330,542,996","61,150,602,030",0
044060,조광ILI,"6,230","30","0.48","246,771,910","61,587,636,880",0
034940,조아제약,"3,795","20","0.53","4,765,999,050","109,423,094,550",0
101730,조이맥스,"4,440","160","3.74","96,491,205","37,763,238,960",0
067000,조이시티,"11,400","-800","-6.56","4,454,000,550","159,230,195,400",0
033340,좋은사람들,"2,245","-5","-0.22","4,119,594,915","112,043,962,880",0
036930,주성엔지니어링,"5,410","90","1.69","2,333,912,230","261,028,236,920",0
239340,줌인터넷,"4,355","-110","-2.46","2,887,012,405","117,070,509,010",0
072020,중앙백신,"15,850","150","0.96","1,271,383,950","157,866,000,000",0
000440,중앙에너비스,"9,480","330","3.61","1,913,243,470","59,033,192,400",0
054180,중앙오션,"1,390","-45","-3.14","5,350,815,115","39,886,982,690",0
228760,지노믹트리,"18,650","-450","-2.36","3,226,326,350","372,742,909,750",0
043610,지니뮤직,"2,490","-80","-3.11","1,103,754,430","144,707,440,620",0
263860,지니언스,"4,310","-25","-0.58","68,248,625","40,706,226,000",0
303030,지니틱스,"2,620","-80","-2.96","3,549,593,415","92,650,625,080",0
208350,지란지교시큐리티,"5,370","-240","-4.28","333,251,260","41,749,242,210",0
114570,지스마트글로벌,"-","0","0.00","0","7,030,424,280",0
051160,지어소프트,"9,750","-250","-2.50","6,620,891,400","142,101,911,250",0
053050,지에스이,"1,395","-15","-1.06","215,399,140","41,832,697,815",0
119850,지엔씨에너지,"3,995","75","1.91","1,230,789,820","65,101,832,860",0
270520,지엔원에너지,"1,300","0","0.00","133,084,665","38,200,259,500",0
065060,지엔코,"1,415","-35","-2.41","1,284,394,850","138,681,382,260",0
204840,지엘팜텍,"850","-3","-0.35","155,474,143","37,981,674,550",0
111820,지와이커머스,"-","0","0.00","0","60,317,310,105",0
115450,지트리비앤티,"25,200","-500","-1.95","5,371,025,000","634,471,437,600",0
219750,지티지웰니스,"3,495","-5","-0.14","201,531,535","43,045,349,670",0
018120,진로발효,"29,050","400","1.40","780,354,100","192,343,536,000",0
109820,진매트릭스,"7,940","290","3.79","11,236,745,400","150,109,717,640",0
086060,진바이오텍,"5,400","-80","-1.46","1,067,796,890","46,497,169,800",0
036890,진성티이씨,"5,790","170","3.02","1,518,505,590","130,172,331,720",0
007370,진양제약,"5,710","-140","-2.39","1,875,107,240","68,520,000,000",0
085660,차바이오텍,"17,050","50","0.29","4,296,005,500","894,793,616,200",0
094850,참좋은여행,"5,720","-150","-2.56","3,133,422,180","80,080,000,000",0
004650,창해에탄올,"15,000","600","4.17","117,086,357,600","137,863,275,000",0
311690,천랩,"25,200","-50","-0.20","655,191,800","96,313,089,600",0
278280,천보,"67,000","1,800","2.76","9,283,161,000","670,000,000,000",0
096240,청담러닝,"17,700","400","2.31","980,778,100","135,841,322,700",0
013720,청보산업,"2,170","-5","-0.23","50,196,545","17,747,933,070",0
066360,체리부로,"2,235","25","1.13","332,413,360","62,294,744,715",0
047820,초록뱀,"1,730","-140","-7.49","42,644,468,630","149,158,169,350",0
094360,칩스앤미디어,"8,580","60","0.70","3,801,120,410","82,713,902,700",0
016920,카스,"1,595","175","12.32","9,831,173,410","36,362,235,800",0
042000,카페24,"44,100","-1,150","-2.54","9,228,892,750","415,889,327,700",0
317530,캐리소프트,"5,440","60","1.12","3,866,382,110","36,780,906,240",0
071850,캐스텍코리아,"2,150","70","3.37","712,257,640","35,623,754,200",0
180400,캔서롭,"-","0","0.00","0","174,809,664,720",0
050110,캠시스,"2,690","0","0.00","3,620,786,270","181,175,717,920",0
078340,컴투스,"107,000","500","0.47","5,622,535,300","1,376,706,940,000",0
307930,컴퍼니케이,"6,380","-20","-0.31","495,796,800","99,591,800,000",0
263700,케어랩스,"18,850","-1,350","-6.68","11,136,860,550","121,199,373,750",0
214370,케어젠,"58,000","200","0.35","11,332,166,900","623,094,000,000",0
221980,케이디켐,"11,300","0","0.00","27,667,100","45,593,240,000",0
043290,케이맥,"1,480","-15","-1.00","147,437,415","54,005,422,000",0
317030,케이비17호스팩,"2,025","5","0.25","9,933,260","11,058,525,000",0
323940,케이비제18호스팩,"2,000","0","0.00","24,207,925","15,644,000,000",0
330990,케이비제19호스팩,"2,010","5","0.25","2,569,410","8,645,010,000",0
342550,케이비제20호스팩,"1,985","-10","-0.50","35,134,705","12,904,485,000",0
192250,케이사인,"1,165","-20","-1.69","937,667,540","75,342,014,405",0
115500,케이씨에스,"3,800","-40","-1.04","123,831,015","45,600,000,000",0
089150,케이씨티,"2,040","-65","-3.09","506,748,355","34,986,000,000",0
025880,케이씨피드,"1,810","0","0.00","202,718,790","30,255,702,980",0
093320,케이아이엔엑스,"61,500","-2,700","-4.21","7,082,055,500","300,120,000,000",0
060900,케이알피앤이,"907","25","2.83","1,223,414,459","111,875,783,420",0
073010,케이에스피,"1,500","75","5.26","189,646,570","54,288,385,500",0
105330,케이엔더블유,"6,330","-180","-2.76","114,243,810","35,836,326,510",0
272110,케이엔제이,"6,570","90","1.39","394,001,250","41,426,688,240",0
039420,케이엘넷,"2,175","-80","-3.55","951,282,350","52,536,537,750",0
083550,케이엠,"15,750","600","3.96","32,052,776,150","161,941,941,000",0
032500,케이엠더블유,"61,000","-300","-0.49","36,653,008,100","2,429,073,863,000",0
225430,케이엠제약,"3,220","-50","-1.53","4,161,493,465","68,866,301,000",0
064820,케이프,"3,205","25","0.79","2,604,629,425","91,861,645,900",0
347140,케이프이에스제4호,"2,015","5","0.25","55,627,545","6,063,135,000",0
256940,케이피에스,"40,800","1,900","4.88","11,763,797,300","203,899,060,800",0
024880,케이피에프,"3,470","65","1.91","142,106,480","60,549,268,790",0
042040,케이피엠테크,"736","1","0.14","268,256,603","74,152,744,096",0
054410,케이피티유,"3,260","110","3.49","26,880,675","16,495,600,000",0
274090,켄코아에어로스페이스,"8,400","-310","-3.56","2,200,665,230","75,682,588,800",0
217600,켐온,"1,200","-15","-1.23","609,359,525","76,633,608,000",0
089010,켐트로닉스,"11,800","300","2.61","7,590,947,350","171,953,081,000",0
220260,켐트로스,"2,310","-5","-0.22","1,024,579,210","60,806,261,670",0
052400,코나아이,"-","0","0.00","0","203,046,489,900",0
033110,코너스톤네트웍스,"-","0","0.00","0","26,473,567,764",0
094860,코닉글로리,"1,250","-30","-2.34","403,902,190","63,303,243,750",0
046070,코다코,"-","0","0.00","0","85,746,041,920",0
047770,코데즈컴바인,"2,030","20","1.00","144,897,845","76,820,482,060",0
078940,코드네이처,"-","0","0.00","0","89,851,791,840",0
080530,코디,"-","0","0.00","0","54,664,452,530",0
224060,코디엠,"336","-11","-3.17","1,910,291,720","52,271,774,352",0
078650,코렌,"1,115","-5","-0.45","299,462,470","49,813,040,895",0
104540,코렌텍,"7,900","680","9.42","2,309,290,980","83,639,993,900",0
027050,코리아나,"5,200","90","1.76","14,595,786,735","208,000,000,000",0
290510,코리아센터,"13,900","-1,000","-6.71","4,658,680,000","334,031,567,200",0
190650,코리아에셋투자증권,"7,300","650","9.77","7,522,937,430","46,632,400,000",0
101670,코리아에스이,"1,075","-15","-1.38","147,859,500","20,317,500,000",0
123410,코리아에프티,"2,380","80","3.48","2,118,342,135","66,261,732,320",0
036690,코맥스,"3,480","5","0.14","270,363,535","52,171,349,160",0
049430,코메론,"7,570","140","1.88","184,307,050","68,493,360,000",0
183300,코미코,"24,900","850","3.53","1,081,533,000","218,497,500,000",0
041960,코미팜,"19,600","-750","-3.69","18,200,888,750","1,258,043,169,600",0
089890,코세스,"6,190","260","4.38","2,264,298,760","104,313,644,780",0
009730,코센,"489","-31","-5.96","6,986,935,615","41,889,346,854",0
082660,코스나인,"1,675","-45","-2.62","227,663,255","35,821,271,950",0
222040,코스맥스엔비티,"4,750","-15","-0.31","632,401,020","97,983,000,000",0
241710,코스메카코리아,"11,300","950","9.18","7,174,326,800","120,684,000,000",0
069110,코스온,"5,730","30","0.53","115,330,330","107,134,732,530",0
204990,코썬바이오,"-","0","0.00","0","39,130,080,675",0
166480,코아스템,"12,950","-250","-1.89","1,687,155,850","203,540,848,000",0
045970,코아시아,"8,690","-370","-4.08","4,061,223,460","227,111,759,600",0
029960,코엔텍,"9,710","-210","-2.12","3,875,175,800","485,500,000,000",0
102940,코오롱생명과학,"37,050","-1,650","-4.26","14,864,473,200","422,827,789,800",0
033290,코웰패션,"5,450","-70","-1.27","1,816,338,870","482,326,275,300",0
056360,코위버,"10,800","50","0.47","2,998,611,650","105,805,440,000",0
282880,코윈테크,"24,950","350","1.42","2,456,822,300","230,824,725,400",0
121850,코이즈,"1,130","65","6.10","251,848,650","17,415,014,210",0
015710,코콤,"4,980","10","0.20","143,627,485","87,301,890,000",0
052330,코텍,"9,620","120","1.26","1,035,017,910","149,827,190,240",0
126600,코프라,"2,970","-30","-1.00","478,509,250","62,713,432,980",0
200130,콜마비앤에이치,"28,800","400","1.41","4,198,453,050","850,854,470,400",0
060280,큐렉소,"4,370","-60","-1.35","214,259,255","145,771,195,610",0
040350,큐로컴,"2,315","-15","-0.64","968,076,890","263,349,864,915",0
051780,큐로홀딩스,"845","4","0.48","90,246,352","67,053,644,125",0
115180,큐리언트,"26,300","-1,000","-3.66","7,870,393,300","226,852,385,800",0
043090,큐브앤컴퍼니,"2,300","40","1.77","304,868,095","70,115,621,900",0
182360,큐브엔터,"3,715","-65","-1.72","3,851,773,630","98,721,544,405",0
066310,큐에스아이,"16,450","-250","-1.50","1,005,010,800","136,176,883,500",0
016600,큐캐피탈,"726","1","0.14","959,273,405","121,896,796,098",0
043590,크로바하이텍,"-","0","0.00","0","34,717,000,000",0
114120,크루셜텍,"379","2","0.53","284,489,118","24,926,031,068",0
110790,크리스에프앤씨,"17,450","400","2.35","78,910,550","204,435,126,000",0
083790,크리스탈,"13,050","-50","-0.38","6,508,180,950","549,031,391,550",0
045520,크린앤사이언스,"22,350","350","1.59","2,787,888,600","145,275,000,000",0
214150,클래시스,"11,200","-400","-3.45","7,866,701,050","724,742,681,600",0
237880,클리오,"22,250","-150","-0.67","4,227,235,350","377,535,663,750",0
139670,키네마스터,"8,880","-660","-6.92","3,203,841,740","120,291,206,160",0
311270,키움제5호스팩,"2,015","-5","-0.25","148,790","7,254,000,000",0
054780,키이스트,"-","0","0.00","0","227,475,954,615",0
219130,타이거일렉,"5,710","-100","-1.72","117,143,770","36,054,595,900",0
065130,탑엔지니어링,"9,050","-280","-3.00","9,659,320,510","144,585,125,850",0
023160,태광,"7,200","0","0.00","2,094,467,660","190,800,000,000",0
053620,태양,"7,560","240","3.28","48,203,010","65,016,000,000",0
044490,태웅,"5,760","-40","-0.69","664,599,180","115,242,514,560",0
124560,태웅로직스,"4,490","20","0.45","888,279,590","79,248,500,000",0
191420,테고사이언스,"17,800","-200","-1.11","786,787,400","143,924,285,200",0
182690,테라셈,"2,935","-35","-1.18","704,908,950","62,113,839,380",0
066700,테라젠이텍스,"10,850","-50","-0.46","18,826,337,650","339,739,149,400",0
095610,테스,"20,000","1,200","6.38","15,708,846,250","395,364,520,000",0
131970,테스나,"56,300","2,100","3.87","20,718,489,000","385,655,000,000",0
089030,테크윙,"15,250","1,600","11.72","49,740,472,400","294,611,486,500",0
054450,텔레칩스,"8,400","40","0.48","1,482,325,350","113,449,652,400",0
091440,텔레필드,"4,105","45","1.11","1,228,526,685","37,435,830,745",0
200230,텔콘RF제약,"5,010","-40","-0.79","5,837,644,200","427,740,683,820",0
215480,토박스코리아,"1,280","40","3.23","118,075,869,355","52,383,266,560",0
051360,토비스,"7,110","160","2.30","1,295,452,310","118,858,282,380",0
045340,토탈소프트,"3,110","110","3.67","850,067,455","26,615,504,400",0
108230,톱텍,"20,450","1,150","5.96","50,294,804,250","777,575,360,250",0
079970,투비소프트,"2,030","-30","-1.46","707,509,550","54,207,059,550",0
105550,트루윈,"4,875","525","12.07","2,296,667,360","58,358,922,375",0
026150,특수건설,"7,940","150","1.93","77,036,908,840","120,728,636,920",0
322180,티라유텍,"13,350","-400","-2.91","922,095,150","72,540,562,500",0
117730,티로보틱스,"8,080","30","0.37","186,657,620","45,081,786,320",0
033830,티비씨,"813","4","0.49","500,809,491","81,300,000,000",0
064760,티씨케이,"72,000","1,400","1.98","3,747,835,800","840,600,000,000",0
246710,티앤알바이오팹,"9,870","-230","-2.28","2,856,081,250","82,618,216,800",0
131290,티에스이,"12,450","-50","-0.40","307,537,250","137,714,791,050",0
062860,티엘아이,"4,850","20","0.41","45,264,055","47,882,692,000",0
321550,티움바이오,"11,500","-450","-3.77","3,893,228,450","269,925,999,000",0
104480,티케이케미칼,"2,175","-25","-1.14","3,001,402,350","197,697,568,950",0
081150,티플랙스,"2,070","15","0.73","571,741,870","50,235,592,140",0
130740,티피씨글로벌,"1,905","35","1.87","19,534,925","19,668,132,495",0
084730,팅크웨어,"6,550","-20","-0.30","160,167,980","68,288,217,100",0
046210,파나진,"2,665","65","2.50","688,989,390","85,644,198,900",0
034230,파라다이스,"15,750","-200","-1.25","13,641,419,500","1,432,347,084,000",0
033540,파라텍,"5,610","170","3.12","5,673,703,030","95,278,500,900",0
043200,파루,"2,465","65","2.71","19,863,819,540","95,164,743,955",0
214450,파마리서치프로덕트,"42,600","1,450","3.52","4,719,362,900","410,137,591,800",0
208340,파멥신,"31,050","-600","-1.90","1,605,494,350","214,580,619,450",0
177830,파버나인,"4,000","25","0.63","416,909,045","46,759,828,000",0
037070,파세코,"11,600","1,200","11.54","79,936,109,350","162,400,000,000",0
150900,파수,"4,395","-15","-0.34","1,189,177,885","42,613,880,445",0
037030,파워넷,"3,785","20","0.53","813,907,355","50,187,638,990",0
047310,파워로직스,"6,870","-430","-5.89","17,224,046,220","236,472,146,340",0
170790,파이오링크,"11,500","-100","-0.86","984,068,800","78,847,795,000",0
049120,파인디앤씨,"1,585","5","0.32","365,760,725","41,780,511,240",0
038950,파인디지털,"3,730","60","1.63","71,492,310","38,086,153,450",0
106240,파인테크닉스,"3,740","-170","-4.35","2,560,259,740","160,234,241,200",0
131760,파인텍,"1,510","10","0.67","2,373,044,265","64,815,335,130",0
065690,파커스,"2,125","15","0.71","43,411,575","29,672,456,625",0
140860,파크시스템스,"36,550","400","1.11","516,106,750","243,607,760,250",0
091700,파트론,"8,040","-60","-0.74","6,230,882,390","435,417,536,400",0
194510,파티게임즈,"-","0","0.00","0","13,125,755,600",0
038160,팍스넷,"-","0","0.00","0","10,551,204,112",0
032800,판타지오,"830","-18","-2.12","1,257,960,636","60,344,272,690",0
318010,팜스빌,"13,900","0","0.00","1,171,219,950","110,217,798,200",0
027710,팜스토리,"1,015","-15","-1.46","1,420,873,340","113,087,849,000",0
225590,패션플랫폼,"1,070","50","4.90","469,303,060","28,501,282,910",0
054300,팬스타엔터프라이즈,"833","-5","-0.60","464,938,875","43,580,867,344",0
068050,팬엔터테인먼트,"4,115","-25","-0.60","259,893,265","56,552,432,655",0
222110,팬젠,"7,500","-80","-1.06","174,657,790","72,313,357,500",0
263750,펄어비스,"192,300","-6,700","-3.37","15,598,023,500","2,515,255,155,000",0
251970,펌텍코리아,"16,600","650","4.08","3,508,755,300","205,840,000,000",0
087010,펩트론,"15,150","-500","-3.19","3,791,767,550","232,196,475,000",0
043370,평화정공,"6,720","0","0.00","339,260,410","141,120,000,000",0
119500,포메탈,"2,655","-20","-0.75","3,394,329,460","31,454,400,960",0
016670,포비스티앤씨,"1,640","-25","-1.50","1,909,679,785","70,945,406,160",0
056730,포스링크,"-","0","0.00","0","67,399,247,280",0
022100,포스코 ICT,"4,425","35","0.80","1,691,253,150","672,753,675,825",0
009520,포스코엠텍,"3,905","-25","-0.64","1,169,640,185","162,614,755,215",0
189690,포시에스,"5,900","-60","-1.01","87,568,290","46,493,905,700",0
256630,포인트엔지니어링,"2,535","-75","-2.87","748,094,145","143,193,434,670",0
141020,포티스,"-","0","0.00","0","18,839,533,608",0
290720,푸드나무,"23,000","-950","-3.97","1,910,199,800","156,538,782,000",0
005670,푸드웰,"6,000","300","5.26","2,085,252,630","60,000,000,000",0
094940,푸른기술,"15,700","50","0.32","8,020,124,300","103,214,971,400",0
007330,푸른저축은행,"7,570","180","2.44","242,687,960","114,176,796,000",0
093380,풍강,"2,665","50","1.91","249,853,765","26,328,369,145",0
023900,풍국주정,"18,200","300","1.68","22,052,798,650","229,320,000,000",0
195440,퓨전,"-","0","0.00","0","8,582,183,400",0
214270,퓨쳐스트림네트웍스,"1,145","25","2.23","6,659,340,175","115,398,125,405",0
220100,퓨쳐켐,"10,800","400","3.85","107,917,500","62,777,008,800",0
035200,프럼파스트,"3,180","90","2.91","646,337,275","30,943,276,200",0
203690,프로스테믹스,"4,125","-195","-4.51","4,062,592,575","188,515,115,250",0
053610,프로텍,"14,250","150","1.06","1,010,219,750","156,750,000,000",0
053160,프리엠스,"6,420","410","6.82","2,207,784,200","38,520,000,000",0
075130,플랜티넷,"4,465","10","0.22","258,917,365","40,006,400,000",0
237820,플레이디,"7,980","60","0.76","2,523,112,070","102,360,577,200",0
023770,플레이위드,"17,500","200","1.16","626,714,800","74,608,397,500",0
300080,플리토,"11,650","-300","-2.51","1,551,931,400","60,391,398,150",0
032580,피델릭스,"1,110","15","1.37","82,039,145","29,192,851,260",0
051380,피씨디렉트,"7,920","-90","-1.12","550,404,820","60,734,805,120",0
241820,피씨엘,"18,200","850","4.90","63,276,351,300","173,418,645,400",0
237750,피앤씨테크,"4,490","50","1.13","114,375,665","29,169,734,000",0
131390,피앤이솔루션,"13,000","350","2.77","5,881,809,200","188,798,350,000",0
054340,피앤텔,"-","0","0.00","0","26,927,340,520",0
024850,피에스엠씨,"780","3","0.39","24,298,343","31,212,887,940",0
319660,피에스케이,"18,750","500","2.74","9,318,656,800","276,844,125,000",0
031980,피에스케이홀딩스,"7,380","170","2.36","170,937,070","159,130,475,100",0
002230,피에스텍,"3,545","135","3.96","417,881,340","69,727,466,435",0
137400,피엔티,"9,620","270","2.89","7,356,972,950","192,397,027,420",0
128660,피제이메탈,"1,960","-5","-0.25","294,790,055","48,614,603,240",0
006140,피제이전자,"4,310","-5","-0.12","85,086,925","64,650,000,000",0
062970,피피아이,"8,890","-110","-1.22","2,416,817,060","82,749,764,650",0
087600,픽셀플러스,"3,325","70","2.15","49,772,020","27,153,805,350",0
057880,필로시스헬스케어,"1,420","-75","-5.02","1,782,931,230","66,034,156,340",0
161580,필옵틱스,"8,780","30","0.34","1,553,070,090","165,317,083,500",0
284620,하나금융11호스팩,"2,790","-60","-2.11","331,867,690","15,068,790,000",0
320000,하나금융13호스팩,"1,980","10","0.51","5,326,025","6,733,980,000",0
332710,하나금융14호스팩,"-","0","0.00","0","8,886,150,000",0
341160,하나금융15호스팩,"2,015","-5","-0.25","25,159,565","9,490,650,000",0
261200,하나금융9호스팩,"2,020","25","1.25","97,919,265","8,605,200,000",0
067310,하나마이크론,"4,845","-155","-3.10","26,576,521,820","141,984,163,965",0
307160,하나머스트제6호스팩,"2,075","30","1.47","533,728,880","9,524,250,000",0
166090,하나머티리얼즈,"17,450","1,050","6.40","14,652,922,550","342,502,911,300",0
136480,하림,"2,655","25","0.95","2,581,378,210","281,986,758,810",0
003380,하림지주,"6,400","320","5.26","3,350,864,580","598,938,867,200",0
149980,하이로닉,"4,170","15","0.36","271,905,660","58,796,979,150",0
013030,하이록코리아,"12,100","200","1.68","500,823,550","164,720,107,200",0
126700,하이비젼시스템,"8,440","320","3.94","5,110,356,020","126,111,425,280",0
106080,하이소닉,"-","0","0.00","0","49,168,439,010",0
317240,하이제4호스팩,"2,015","15","0.75","2,219,705","8,866,000,000",0
340120,하이제5호스팩,"2,005","-5","-0.25","0","10,065,100,000",0
221840,하이즈항공,"3,945","-35","-0.88","122,618,145","69,811,378,815",0
106190,하이텍팜,"10,600","-100","-0.93","175,343,050","75,141,089,200",0
066130,하츠,"5,370","20","0.37","2,527,078,780","68,736,000,000",0
004590,한국가구,"4,400","125","2.92","876,562,775","66,000,000,000",0
039340,한국경제TV,"4,945","-205","-3.98","1,624,710,390","113,735,000,000",0
034950,한국기업평가,"66,100","2,000","3.12","1,011,176,900","300,127,975,400",0
222980,한국맥널티,"4,800","-20","-0.41","111,385,620","47,760,000,000",0
318000,한국바이오젠,"5,270","-60","-1.13","252,958,870","42,844,177,750",0
256840,한국비엔씨,"1,945","-5","-0.26","1,129,667,150","94,578,762,285",0
025550,한국선재,"2,525","45","1.81","23,637,678,295","61,918,691,350",0
023890,한국아트라스비엑스,"49,100","200","0.41","30,632,000","449,265,000,000",0
017890,한국알콜,"15,800","2,000","14.49","547,334,700,350","341,371,008,000",0
080720,한국유니온제약,"16,600","50","0.30","5,272,867,300","98,001,884,800",0
063570,한국전자금융,"6,000","10","0.17","2,098,763,140","204,886,368,000",0
041460,한국전자인증,"4,045","-45","-1.10","1,796,242,190","86,802,662,205",0
101680,한국정밀기계,"-","0","0.00","0","21,136,060,000",0
039740,한국정보공학,"2,820","-5","-0.18","26,308,915","22,611,879,540",0
053300,한국정보인증,"3,590","15","0.42","156,749,075","111,882,350,000",0
025770,한국정보통신,"8,200","-220","-2.61","1,163,912,210","307,043,022,200",0
281410,한국제6호스팩,"2,055","5","0.24","11,836,710","9,268,050,000",0
291210,한국제7호스팩,"2,035","5","0.25","4,284,420","10,297,100,000",0
310870,한국제8호스팩,"2,025","0","0.00","0","6,925,500,000",0
023760,한국캐피탈,"499","3","0.60","254,996,500","157,489,178,424",0
054040,한국컴퓨터,"2,350","10","0.43","231,447,800","37,767,531,500",0
050540,한국코퍼레이션,"-","0","0.00","0","10,937,537,226",0
021650,한국큐빅,"2,565","-20","-0.77","310,361,745","41,939,194,095",0
053590,한국테크놀로지,"1,485","-100","-6.31","9,800,952,460","125,048,315,700",0
037230,한국팩키지,"2,350","285","13.80","8,908,419,160","58,750,000,000",0
030520,한글과컴퓨터,"12,550","100","0.80","3,441,942,450","306,726,003,450",0
052600,한네트,"3,075","5","0.16","1,061,939,035","35,558,377,500",0
256150,한독크린텍,"19,050","1,400","7.93","6,809,797,000","76,600,050,000",0
092460,한라IMS,"5,630","160","2.93","376,495,100","66,124,226,140",0
222810,한류AI센터,"728","-133","-15.45","46,758,589,668","21,995,098,216",0
039670,한류타임즈,"-","0","0.00","0","54,949,071,884",0
047080,한빛소프트,"2,635","5","0.19","197,048,905","65,294,867,860",0
070590,한솔인티큐브,"4,890","-2,090","-29.94","4,699,580,715","67,870,857,690",0
226440,한송네오텍,"1,080","0","0.00","444,627,765","43,632,054,000",0
042520,한스바이오메드,"19,200","-150","-0.78","4,262,387,550","190,127,116,800",0
078350,한양디지텍,"4,200","0","0.00","62,580,440","42,000,000,000",0
045100,한양이엔지,"10,050","50","0.50","874,811,560","180,900,000,000",0
046110,한일네트웍스,"4,260","0","0.00","75,622,150","50,925,007,020",0
024740,한일단조,"1,665","-195","-10.48","45,405,778,860","49,769,061,120",0
005860,한일사료,"1,665","10","0.60","3,461,858,460","65,607,135,525",0
123840,한일진공,"617","-12","-1.91","200,261,418","34,679,087,809",0
007770,한일화학,"9,230","-80","-0.86","54,483,140","32,397,300,000",0
079170,한창산업,"4,975","75","1.53","228,675,665","25,870,000,000",0
086960,한컴MDS,"11,400","50","0.44","1,295,363,650","100,646,131,200",0
054920,한컴위드,"2,705","-20","-0.73","234,974,490","76,327,204,105",0
002680,한탑,"1,890","-25","-1.31","151,547,750","42,145,964,280",0
066110,한프,"-","0","0.00","0","25,343,808,000",0
317320,한화에스비아이스팩,"2,715","80","3.04","610,049,830","11,837,400,000",0
279410,한화에이스스팩4호,"2,055","5","0.24","21,227,760","7,182,225,000",0
340440,한화플러스제1호스팩,"2,005","0","0.00","2,754,870","9,443,550,000",0
102210,해덕파워웨이,"-","0","0.00","0","81,066,045,500",0
220630,해마로푸드서비스,"2,810","60","2.18","1,786,014,895","272,012,754,520",0
034810,해성산업,"8,840","230","2.67","187,543,020","86,455,200,000",0
076610,해성옵틱스,"1,460","-10","-0.68","289,872,490","45,683,937,280",0
220180,핸디소프트,"3,190","-110","-3.33","412,593,305","61,886,000,000",0
008800,행남사,"-","0","0.00","0","80,762,168,880",0
084990,헬릭스미스,"66,600","700","1.06","12,366,231,700","1,426,244,860,800",0
170030,현대공업,"4,200","40","0.96","782,171,225","64,428,000,000",0
048410,현대바이오,"10,750","300","2.87","60,126,019,950","386,095,677,750",0
016790,현대사료,"12,050","50","0.42","418,289,150","74,113,356,300",0
039010,현대통신,"6,250","80","1.30","345,909,340","53,906,250,000",0
092300,현우산업,"2,755","75","2.80","377,413,505","42,158,461,885",0
053660,현진소재,"-","0","0.00","0","21,280,401,200",0
011080,형지I&C,"509","-4","-0.78","66,555,839","19,828,435,012",0
060560,홈센타홀딩스,"1,180","30","2.61","6,076,108,285","100,433,360,060",0
064240,홈캐스트,"3,580","-5","-0.14","545,970,770","118,479,226,480",0
039610,화성밸브,"5,600","-50","-0.88","575,178,770","58,298,240,000",0
126640,화신정공,"975","5","0.52","287,102,674","35,464,539,825",0
204630,화이브라더스코리아,"3,250","-220","-6.34","1,076,771,495","92,993,793,750",0
061250,화일약품,"9,050","220","2.49","14,578,343,720","156,576,303,450",0
134780,화진,"-","0","0.00","0","73,560,710,880",0
097870,효성오앤비,"6,120","60","0.99","272,102,810","51,958,800,000",0
050090,휘닉스소재,"548","-9","-1.62","669,932,469","43,368,140,216",0
290270,휴네시온,"4,105","15","0.37","159,439,120","39,439,493,560",0
090710,휴림로봇,"845","-20","-2.31","1,211,883,132","70,176,526,680",0
205470,휴마시스,"3,495","345","10.95","317,729,629,190","113,791,485,675",0
115160,휴맥스,"3,410","35","1.04","449,285,625","81,539,231,180",0
028080,휴맥스홀딩스,"2,790","100","3.72","16,817,175","35,091,241,740",0
200670,휴메딕스,"19,950","50","0.25","1,339,700,750","198,925,320,300",0
065510,휴비츠,"7,760","-60","-0.77","610,168,810","92,211,078,960",0
243070,휴온스,"48,500","-750","-1.52","3,445,166,800","479,216,084,000",0
084110,휴온스글로벌,"31,650","-50","-0.16","1,746,037,550","362,839,619,550",0
145020,휴젤,"384,100","-4,900","-1.26","5,556,075,300","1,659,221,736,500",0
024060,흥구석유,"7,990","410","5.41","36,031,564,420","119,850,000,000",0
010240,흥국,"3,585","-5","-0.14","320,337,180","44,176,865,160",0
189980,흥국에프엔비,"1,560","0","0.00","190,164,605","57,262,069,800",0
037440,희림,"3,965","120","3.12","3,640,825,080","55,202,613,375",0
238490,힘스,"18,100","50","0.28","699,404,600","102,375,735,800",0